,temp_mean,temp_std,temp_skew,temp_kurtosis,temp_diff,temp_diff2,temp_q25,temp_q75,temp_qdev,temp_max-min,hr_mean,hr_std,hr_skew,hr_kurtosis,hr_diff,hr_diff2,hr_q25,hr_q75,hr_qdev,hr_max-min,gsr_mean,gsr_std,gsr_skew,gsr_kurtosis,gsr_diff,gsr_diff2,gsr_q25,gsr_q75,gsr_qdev,gsr_max-min,rr_mean,rr_std,rr_skew,rr_kurtosis,rr_diff,rr_diff2,rr_q25,rr_q75,rr_qdev,rr_max-min,min_SCR_Onsets,max_SCR_Onsets,mean_SCR_Onsets,min_SCR_Peaks,max_SCR_Peaks,mean_SCR_Peaks,min_SCR_Height,max_SCR_Height,mean_SCR_Height,min_SCR_Amplitude,max_SCR_Amplitude,mean_SCR_Amplitude,min_SCR_RiseTime,max_SCR_RiseTime,mean_SCR_RiseTime,min_SCR_Recovery,max_SCR_Recovery,mean_SCR_Recovery,min_SCR_RecoveryTime,max_SCR_RecoveryTime,mean_SCR_RecoveryTime,HRV_MeanNN,HRV_SDNN,HRV_RMSSD,HRV_SDSD,HRV_CVNN,HRV_CVSD,HRV_MedianNN,HRV_MadNN,HRV_MCVNN,HRV_IQRNN,HRV_Prc20NN,HRV_Prc80NN,HRV_pNN50,HRV_pNN20,HRV_MinNN,HRV_MaxNN,HRV_HTI,HRV_TINN,HRV_HF,HRV_HFn,HRV_LnHF,HRV_SD1,HRV_SD2,HRV_SD1SD2,HRV_S,HRV_CSI,HRV_CVI,HRV_CSI_Modified,HRV_PIP,HRV_IALS,HRV_PSS,HRV_PAS,HRV_GI,HRV_SI,HRV_AI,HRV_PI,HRV_C1d,HRV_C1a,HRV_SD1d,HRV_SD1a,HRV_C2d,HRV_C2a,HRV_SD2d,HRV_SD2a,HRV_Cd,HRV_Ca,HRV_SDNNd,HRV_SDNNa,HRV_DFA_alpha1,HRV_MFDFA_alpha1_Width,HRV_MFDFA_alpha1_Peak,HRV_MFDFA_alpha1_Mean,HRV_MFDFA_alpha1_Max,HRV_MFDFA_alpha1_Delta,HRV_MFDFA_alpha1_Asymmetry,HRV_MFDFA_alpha1_Fluctuation,HRV_MFDFA_alpha1_Increment,HRV_ApEn,HRV_ShanEn,HRV_FuzzyEn,HRV_CD,HRV_HFD,HRV_KFD,HRV_LZC
0,34.06785714285715,0.00397671056594924,-1.4669339234287342,0.32058110351678915,0.0003703703703702967,0.0,34.06916666666667,34.07,0.0008333333333325754,0.00999999999999801,89.11904761904762,2.416020408633252,-0.17650642739629088,-1.2684587389027748,-0.24691358024691323,-0.025641025641025276,86.91666666666667,91.08333333333333,4.166666666666657,8.333333333333329,4.427009897299999,0.021709156661360016,-0.12501245044350737,-0.3871542313616061,-0.002900770444630087,0.0002543752543752421,4.416656920457942,4.439703620463537,0.02304670000559561,0.07838011820782587,0.6752516031746032,0.026396383868004678,0.19474415903588047,-0.9403512329153769,0.001911835390946501,-0.00026944273504272764,0.6548309333333333,0.6917481333333333,0.03691719999999998,0.08876719999999982,15.0,142.0,71.33333333333333,4,178,77.75,0.004714845549712809,0.04950050859044436,0.019359532277562156,0.00779671240560924,0.06328432183803592,0.029110096852028044,0.9,4.8,3.1,29.0,210.0,120.33333333333333,0.5,3.2,1.8,674.6428571428571,26.386324019046217,8.050764858994132,7.965917427129185,0.03911154433738984,0.011933373004332224,671.5,25.9455,0.03863812360387193,37.0,652.8,701.2,0.0,0.0,631.0,720.0,7.0,62.5,0.008880052361516367,0.9995939506123557,-4.723947825428285,5.6327542310951415,36.871127687935676,0.15276869963861162,652.4648133911617,6.545843503057838,3.521527205647052,965.4105265059587,0.21428571428571427,0.23076923076923078,0.0,0.0,64.28571428571429,64.1702574194927,64.38932987009468,42.30769230769231,0.730857142857143,0.26914285714285713,4.959450962168479,3.009600024536866,0.49790438257989644,0.5020956174201037,26.017130479750023,26.12640385854355,0.5035318074367953,0.4964681925632048,18.72815036577947,18.596325858720206,1.7294082742240333,1.5451297585049462,2.0224547254739424,2.1509098786850855,-0.32173274266786045,-0.4829577429183072,-0.41686448823855726,0.0005811425488197764,0.14758161730100922,0.1759841380287721,4.593069207771889,0.6593882035682306,2.3856108559851354,1.364488254599941,1.4259433415908758,0.515073741649029
1,34.15392857142857,0.004805138832589721,0.46313586108082244,-1.849681003617825,-0.0003703703703702967,0.0,34.15,34.16,0.00999999999999801,0.00999999999999801,85.90476190476191,1.591792588534938,0.3202668023454706,-0.9766753773355643,-0.07407407407407407,-0.025641025641025276,84.33333333333333,87.0,2.6666666666666714,5.333333333333329,4.103940345390091,0.02616475233095888,0.4469579056832281,-0.6438006241258525,-0.002280349593069162,-0.0006594914002321458,4.081632653061225,4.116643426407736,0.03501077334651104,0.09009996738971537,0.6881433238095236,0.01839995317560436,-0.6072979229163947,-1.1324203997122102,0.0017104098765432178,0.00032971282051282345,0.6704550666666665,0.7028094666666665,0.032354400000000005,0.055583200000000055,11.0,187.0,89.33333333333333,25,216,114.33333333333333,0.0012607526867816905,0.026751248291088013,0.015166864247026698,0.008307406100855341,0.013407963916326725,0.010970825901074491,1.4,3.2,2.5,32.0,235.0,133.5,0.7,1.9,1.2999999999999998,687.6071428571429,18.349163439835586,4.114113018127471,3.798710232460411,0.026685533491684225,0.005983231938272954,693.0,17.049899999999997,0.0246030303030303,32.75,665.0,703.6,0.0,0.0,656.0,712.0,4.666666666666667,54.6875,0.00030005495447726574,0.9580522768803303,-8.111544918492886,2.6860937651354826,25.454864809111495,0.10552378829268043,214.8037388214894,9.47653620268449,3.0390119462789285,964.8957915919383,0.17857142857142858,0.16,0.0,0.0,74.22680412371135,74.16082545993609,74.28799428301495,28.000000000000004,0.7921225382932165,0.2078774617067833,2.63847275171423,1.3516371839081214,0.6254550942587508,0.37454490574124916,20.13116284324194,15.578396099374851,0.6276854343251252,0.37231456567487464,14.35662313851456,11.056974000736835,1.9619840006844795,0.2243373447339021,2.0165840807038515,1.9387075692310836,1.0010159618356465,0.338207562525918,-0.847140203362669,5.028431354175115e-05,0.004577300898553675,0.20522888203888234,4.4946803684089085,0.4727156184803762,1.8719802505754821,1.22190454574769,1.2817916413145365,0.515073741649029
2,30.722500000000004,0.16817985914067057,-0.4631358610831062,-1.8496810036162474,0.012962962962962885,0.0,30.51,30.86,0.34999999999999787,0.34999999999999787,81.80952380952382,4.6440621599081915,1.7533860439788038,2.3434149188561664,-0.5432098765432101,-0.012820512820512638,79.25,81.66666666666667,2.4166666666666714,17.0,0.14281614042069293,0.0016091087274087883,-0.02383391017778267,-1.1602897221993387,0.00018900337480621726,4.004915588538506e-06,0.14144037238690155,0.14406681703561863,0.0026264446487170856,0.005103091119767866,0.735904580952381,0.044102615104347924,-2.636618520688035,9.45351489253564,0.006862123456790126,-0.003297128205128209,0.7297023333333333,0.7515484666666667,0.021846133333333406,0.22814000000000012,4.0,214.0,82.0,15,268,104.75,8.162318301598297e-05,0.00453217792264634,0.0012774082917968166,0.00038425073794045764,0.006048977221331476,0.002013674438671013,1.0,5.4,2.2750000000000004,124.0,124.0,124.0,2.3,2.3,2.3,735.3571428571429,44.203413883339365,24.574904393016993,24.038964097310746,0.06011149046787286,0.033419005488318394,742.0,20.0151,0.026974528301886794,21.75,724.6,760.6,7.142857142857142,7.142857142857142,559.0,788.0,4.666666666666667,187.5,0.0056772854815535095,0.9964522825076915,-5.171282068660786,16.998114525908377,50.24950567431306,0.3382742635535539,2683.381476342446,2.9561811457219687,4.135652527431975,594.1865650250135,0.14285714285714285,0.15384615384615385,0.25,0.0,77.84431137724552,79.63963537027064,76.09414061465911,38.46153846153847,0.9526554642462898,0.047344535753710296,17.283829703823432,3.8530707034979055,0.7857058636694181,0.21429413633058184,44.54118744395325,23.261458286088626,0.8041486633645978,0.19585133663540227,33.783488186895,16.672456259375746,1.5338276694344208,2.678111628653401,2.229038632075495,2.1845971927465895,-0.24953958383603947,0.2313885567171825,-0.5165943192409987,0.0038241742085573112,0.5869202533517309,0.24422861407364937,4.423251796980337,0.4524386058326951,1.2328309867363882,1.4157333577807818,1.1293231488372408,0.8584562360817151
3,33.213928571428575,0.033148295941261466,-1.7656225039491258,1.4144822072130951,0.0033333333333331965,0.0,33.23,33.23,0.0,0.0899999999999963,85.30952380952381,2.2715426339128473,0.21510480338182697,-1.3513787972331657,0.07407407407407407,0.025641025641025276,83.0,86.75,3.75,7.0,0.23891686328611478,0.007074436647063123,-0.1863295157355145,-1.9531867873001645,-0.0004055234536466092,-2.4059654702368594e-05,0.23171802732318375,0.24577230987996668,0.014054282556782927,0.016996950551102064,0.6852825206349207,0.06334594189428931,0.5657918662305572,1.2640055848578537,0.0004950288065843551,0.0017939213675213655,0.6584258666666666,0.7009428666666666,0.04251700000000003,0.2881477333333333,93.0,224.0,158.5,4,234,122.33333333333333,0.00101523199672092,0.005199382800045773,0.0029260350617474114,0.0006362046439189991,0.004805517198302611,0.002720860921110805,1.0,3.6,2.3,142.0,238.0,190.0,0.4,1.3,0.8500000000000001,684.8214285714286,63.299437462498695,35.075051806936216,35.739840267356854,0.09243203384354438,0.05121780707140621,676.0,34.099799999999995,0.050443491124260345,42.0,652.4,704.6,14.285714285714285,32.142857142857146,544.0,832.0,9.333333333333334,179.6875,0.01366937405915959,0.9977325387543273,-4.292597418675801,25.271883411572063,86.92798375077128,0.29072207039827763,6901.5571488850355,3.43971133196059,4.545917198506663,1196.028683088056,0.17857142857142858,0.2222222222222222,0.3333333333333333,0.0,51.050080775444265,51.070245651436586,51.020278416889234,66.66666666666666,0.6715236174248126,0.3284763825751873,20.71138668610913,14.485403794058453,0.5399872187488512,0.4600127812511488,63.87800539034991,58.95824612660036,0.5502399629971766,0.44976003700282347,47.483476658260344,42.92960347709788,1.7649577084140107,1.9807921671641173,2.103794137658951,2.3068263231929653,-0.6331357870516108,-0.583271094575947,-0.39749950100787523,0.0011601800553532337,0.25088985208013415,0.11803308900295217,4.735926350629032,0.5219625301915725,1.2017142198752422,1.5722083622685215,1.5470349080653722,0.8584562360817151
4,34.15500000000001,0.027836973961649823,1.466933923422485,0.3205811035037427,0.002592592592592603,0.0,34.14,34.145833333333336,0.005833333333335133,0.07000000000000028,81.7857142857143,2.0948973588580664,1.0325661984447863,0.033524034385508106,0.04938271604938254,-0.038461538461538464,80.25,82.75,2.5,7.666666666666671,4.212327662805398,0.0320801832299761,1.5151336193762883,2.0782982494621196,-0.0017418851282941085,-0.00021968144499284747,4.190009337068161,4.219421802905529,0.02941246583736845,0.13180655945047803,0.7229173904761905,0.021936592777250376,-1.189830285659366,-0.19173638666527815,-0.00015362962962962702,-0.00037225641025641674,0.7115202666666666,0.737307,0.025786733333333478,0.06470880000000012,77.0,229.0,144.0,101,253,171.0,-0.002237914925088607,0.07210136284628146,0.022749494564670833,0.01455213427107624,0.10296071290941332,0.044884397358684436,2.4,3.3,2.6999999999999997,114.0,259.0,184.66666666666666,0.6,2.2,1.3666666666666665,722.3928571428571,21.879026462386275,7.9115480528524,8.060844123118123,0.030286880948574464,0.010951863621884966,734.5,6.6716999999999995,0.009083321987746766,25.5,700.8,738.0,0.0,0.0,677.0,742.0,2.0,0.0,0.004267098444301671,0.9946555957105346,-5.456821203961631,5.699877541544554,30.93189375518498,0.1842718582527495,553.8879380919437,5.4267646155083975,3.4503920176664313,671.440426085212,0.17857142857142858,0.2222222222222222,0.16666666666666666,0.0,48.71794871794872,48.747084399950765,48.68912066953253,59.25925925925925,0.5289940828402367,0.47100591715976325,4.146360776911205,3.9125046080090824,0.43920122403017814,0.560798775969822,20.499264573471446,23.163812363876325,0.442151108653623,0.557848891346377,14.788714544298452,16.611289768355764,2.002045174876809,2.0409709444972393,2.5176615079175972,2.6661006959693836,-0.28992439771215217,-0.47760708746929303,-0.42727030805999444,0.003201547485016987,0.3676865657386397,0.26194247451234065,4.110577243331641,0.6055550484977776,1.1656313043740074,1.1206130128628207,1.4626620176619105,0.686764988865372
5,34.87214285714286,0.009610277665182732,-0.46313586108414917,-1.8496810036155522,0.0007407407407408565,0.0,34.86,34.88,0.020000000000003126,0.020000000000003126,87.60714285714286,2.036808548994169,-0.246292212549339,0.22781316964235554,0.13580246913580213,-0.06410256410256429,86.33333333333333,88.66666666666667,2.333333333333343,8.666666666666657,4.070138726844413,0.04785198589877826,1.8577587992294373,3.2555018320682585,0.0063392555897922405,0.000654063302862679,4.043141352139654,4.0886366541818635,0.04549530204220975,0.1928390602065928,0.6881729523809523,0.015022513577262881,-0.2582174769546093,-1.198642576642945,0.00034822716049382125,0.0005211589743589783,0.6755017999999999,0.7010811333333333,0.0255793333333334,0.04977600000000004,4.0,233.0,97.0,14,268,118.75,-0.008370071739605814,0.19172728430204672,0.05497094404866263,0.011528324976649466,0.27993338038600285,0.08642616394955653,1.0,3.5,2.175,58.0,152.0,105.0,0.5,1.2,0.85,687.75,15.020048330543142,7.216236836057564,7.344009322874864,0.021839401425726126,0.01049252902371147,690.0,17.7912,0.025784347826086955,26.0,673.8,701.6,0.0,0.0,660.0,709.0,4.666666666666667,39.0625,0.014446294785556292,0.9979242167697359,-4.237317313528435,5.192998793302042,20.914048768649167,0.24830193573453432,341.19779099775184,4.027354829279803,3.2399763207322105,336.91318123285015,0.17857142857142858,0.1923076923076923,0.0,0.0,53.08641975308641,53.04931487985296,53.12290453833587,46.15384615384615,0.5163584637268848,0.4836415362731151,3.736514212677166,3.616202853397895,0.4725753100170545,0.5274246899829456,14.377177361008505,15.188620971883537,0.475124271292769,0.5248757287072311,10.503922299108888,11.040179575180456,1.81797104902359,1.8038581883510192,2.1316756939796866,2.4396087202048924,-0.6930337464518175,-1.0436416767321495,-0.3292919985541103,0.0014079458024370249,0.2346801189606743,0.18306661870106655,4.521640636343318,0.864232911801815,2.2836245801930133,1.5093627153056315,2.139535509801681,1.030147483298058
6,33.62857142857142,0.04386125310350083,0.30474133062632486,-1.9848755401050535,0.0033333333333331965,0.0,33.59,33.68,0.0899999999999963,0.0899999999999963,76.32142857142857,1.7176933112699193,-0.0076314760116373255,-1.359922690767939,-0.037037037037037035,0.012820512820513184,74.66666666666667,78.0,3.3333333333333286,5.333333333333329,0.5174378185450589,0.0008699609044303804,-0.4733905840359547,-1.4621014816166968,0.0,6.883683461223777e-06,0.5165289256198347,0.5180928265588023,0.0015639009389676328,0.0024074457482100575,0.8013771396825395,0.05438264401897426,2.217554751062303,5.350955680702996,-0.007510781893004108,0.0018258290598290616,0.7673799999999998,0.8160037777777778,0.04862377777777793,0.23735777777777756,97.0,183.0,138.33333333333334,28,197,125.5,-0.00013821865389686998,0.0008669572616574758,0.0004167214794755725,0.000245735582373625,0.0012810868145868212,0.0006530061960292486,1.4,2.6,1.9666666666666668,130.0,175.0,152.5,0.7,2.1,1.4,800.8928571428571,54.478904708162574,25.660894011734694,25.00210817322038,0.06802271267908816,0.0320403581863354,781.5,27.428099999999997,0.03509673704414587,48.75,765.2,827.0,3.571428571428571,32.142857142857146,750.0,988.0,5.6,31.25,0.012564431711886146,0.9912029304970097,-4.376885336873607,17.67916023324373,66.67237155077902,0.26516471248932444,3703.0315140636267,3.7712408661475276,4.275527518021414,1005.7502889410786,0.4642857142857143,0.5185185185185185,0.6428571428571429,0.16666666666666666,29.821073558648102,31.15293886325075,28.419304751770873,48.148148148148145,0.14590246920524216,0.8540975307947577,7.062904174956318,17.088570179193773,0.2026618948338116,0.7973381051661885,30.014558037842697,59.53428788520192,0.1986080355981359,0.8013919644018641,21.803191390157117,43.79697857596646,1.3926804755677558,1.1640112389235702,1.4199692810185822,1.535339047607542,-0.4211165384878548,-0.3367993289011304,-0.4008860372382238,0.0014154375241349395,0.07275227286721703,0.29602867368375385,4.6644977792004605,0.7655961613144108,1.4459218884777054,1.5934079143687503,1.2937446100918217,0.686764988865372
7,34.07714285714287,0.004417910210612741,-1.0006450453301594,-0.9721712428842819,0.00037037037037055987,5.465713352000771e-16,34.0725,34.080000000000005,0.00750000000000739,0.010000000000005116,76.66666666666667,0.8215212226969935,-0.5914986637175957,-0.555518235482519,-0.037037037037037035,-0.0512820512820511,76.0,77.33333333333333,1.3333333333333286,3.0,0.5988929956814901,0.0007048943578068083,0.6997059780091603,-0.4942139736211053,6.650452462530632e-05,0.0,0.5984443667755859,0.5993408865721794,0.0008965197965935534,0.0022729934102098115,0.7751821904761904,0.01588955670963693,0.5536236885240878,-1.1692833542612635,0.0014509465020576201,0.0002836239316239382,0.762195,0.7882352222222222,0.026040222222222242,0.047010666666666756,4.0,218.0,108.66666666666667,32,268,129.0,-0.00033941536650707006,0.0016115205716561577,0.00037296767887471267,0.0001308504647594754,0.00212167796531807,0.0005838495981642743,0.9,5.0,2.033333333333333,55.0,212.0,123.5,0.4,0.7,0.5,774.75,15.815194288100617,7.18279838173066,7.170094588654769,0.02041328723859389,0.009271117627274167,769.5,16.3086,0.021193762183235865,25.75,760.4,792.6,0.0,0.0,756.0,803.0,3.5,0.0,0.01694685334439715,0.9996182945225837,-4.0776731057879445,5.070022505386756,21.38538654864012,0.237078833896933,340.62527051200937,4.218006236839925,3.239246974483283,360.81477535758665,0.25,0.24,0.16666666666666666,0.0,62.264150943396224,62.14450226340972,62.384114069657436,36.0,0.5965541995692751,0.4034458004307252,3.9975954311022055,3.2875054840550924,0.681715367551486,0.31828463244851396,17.65707032696511,12.064933704888976,0.6770030617132834,0.32299693828671683,12.801423783356306,8.842237205907178,1.760070659962154,0.6851977419303381,1.8519391406268553,1.9200006386937964,0.45803302623014375,-0.03306824177313139,-0.40066882317037644,0.00025052914068008855,0.029826700724467397,0.3461864830583288,4.450212064914746,0.8368488031445659,1.9335816353745272,1.4734343079240688,1.743373068472608,0.8584562360817151
8,33.805714285714295,0.008835820421228092,1.0006450453181235,-0.9721712429014535,0.0007407407407408565,0.0,33.8,33.815,0.015000000000000568,0.020000000000003126,78.92857142857143,1.187580251937231,-0.5198576030557174,-1.03268933746924,0.07407407407407407,0.0,78.0,80.0,2.0,3.666666666666657,5.612111244598085,0.07110420322590351,0.10087396216282202,-1.1851075853856994,-0.008140008140008112,-0.00038918440958390064,5.555555555555555,5.665798420035708,0.11024286448015275,0.219780219780219,0.7475420253968255,0.013655438447910482,0.597261539233901,-0.37838650173327215,-0.0015123983539094708,-1.7726495726494003e-05,0.7379983333333333,0.7556273333333333,0.017629000000000006,0.05327875555555561,14.0,202.0,83.33333333333333,4,214,71.75,0.02020968544900918,0.0671017733925213,0.03633371503625016,0.013252842076100543,0.030873140151328495,0.020462598509985438,1.0,1.2,1.0999999999999999,50.0,219.0,134.5,0.5,0.6,0.55,747.0,13.613718571108091,6.568725001714423,6.512534484600095,0.01822452285288901,0.008793473897877407,743.0,12.6021,0.016961103633916556,17.25,736.0,759.4,0.0,0.0,722.0,775.0,3.111111111111111,31.25,0.008801353282270696,0.9992290602670294,-4.732849787245012,4.605057296771964,18.12669090255921,0.25404842624208923,262.2427195332617,3.936257408841708,3.125673549971638,285.40528545192916,0.21428571428571427,0.25925925925925924,0.2857142857142857,0.0,36.42384105960265,36.31338732945985,36.5337934749251,62.96296296296296,0.39570815450643776,0.6042918454935624,2.977479574301831,3.6794648440311994,0.31543043687489436,0.6845695631251055,10.180528591048818,14.997791860262652,0.3205547336827816,0.6794452663172184,7.500284894873896,10.91952888686646,1.7084489065842048,1.116542303456579,1.919746874329676,1.7963530326626214,0.37895648319333297,0.5776975655073953,-0.6105142557385003,0.00015112325690503424,0.06523620810937854,0.23243607600590543,4.280394654123193,0.8496520548148269,2.0003052271921398,1.388307358187339,1.654429360425432,0.8584562360817151
9,34.38107142857143,0.0041626965212510315,4.126068866994389,17.40108385292113,-0.0007407407407405934,0.00038461538461530807,34.38,34.38,0.0,0.01999999999999602,85.91666666666666,0.9190485328650048,-0.5758993909197037,-0.6493898145662049,-0.024691358024691006,0.012820512820512638,85.33333333333333,86.66666666666667,1.3333333333333428,3.3333333333333286,4.389794249676247,0.026543382662517524,0.0340900836244567,-0.8877315955738299,-0.0033356714701391426,0.0002521241459295408,4.366812227074236,4.405286343612334,0.03847411653809818,0.09006312969375863,0.7001231428571429,0.005870673853168514,-0.4103031559812955,-1.0575987026103966,-0.0005223407407407359,0.00014890256410257012,0.6961726666666667,0.7047452,0.008572533333333299,0.019357333333333337,14.0,203.0,80.5,4,216,78.0,-0.000785749317357397,0.02804289229210704,0.01113449620844091,0.0045118524548194965,0.013441760033404877,0.009344721999859808,0.9,3.2,1.5999999999999999,30.0,222.0,105.5,0.4,2.0,0.9,699.6071428571429,5.9275832669177575,2.5018511664883785,2.4858574334597665,0.008472731199841606,0.003576080078701036,700.5,6.6716999999999995,0.009524197002141327,8.75,692.2,705.0,0.0,0.0,689.0,709.0,2.5454545454545454,0.0,0.0118340738502068,0.9792762427179922,-4.436772294236138,1.7577666482623877,8.039166942426633,0.2186503478346481,44.39378148328037,4.5735120474459015,2.354292249971954,147.06890745046812,0.35714285714285715,0.391304347826087,0.4444444444444444,0.0,36.36363636363637,36.27186369301801,36.45480854039565,60.86956521739131,0.29585798816568043,0.7041420118343197,0.98058067569092,1.5127661876382412,0.3597353552719548,0.640264644728045,4.821726903546451,6.432663118477563,0.35667691489770975,0.6433230851022901,3.479266359013212,4.672666066298929,1.7565955750959188,1.532213196412151,1.8108535833291661,2.4983725845662033,-0.9153161441882425,-1.8666569667166604,-0.051290249394183564,0.0020659615071014965,0.22103558960890296,0.2843404805649743,3.7264741182543752,0.8593720083111438,1.5204689028150142,1.5068170657147877,1.6507627947965458,1.030147483298058
10,34.045714285714276,0.009973509887239176,-2.1415157799697955,3.095264129253607,0.001111111111110627,-5.465713352000771e-16,34.04999999999999,34.050000000000004,1.4210854715202004e-14,0.030000000000001137,86.02380952380953,2.7605816936794234,0.34808761127017324,-0.8460187553384104,-0.09876543209876561,-0.038461538461537916,83.91666666666667,87.83333333333334,3.9166666666666714,9.333333333333329,3.916492624160035,0.011340228608596034,0.8473085572037401,-0.4467650483067396,-0.0005703348219816962,-0.0003958964537911225,3.90625,3.921578679043795,0.015328679043795201,0.03594497266399044,0.7003963841269841,0.01683096657564026,0.2947186705459819,-1.067354777344196,0.0009695736625514348,-0.00023753504273504438,0.6888445333333333,0.7128338000000001,0.023989266666666786,0.05198826666666667,32.0,219.0,139.0,62,252,165.0,0.003909465280582898,0.015576493501098807,0.007901750734979023,0.004864880881754477,0.024620743610781683,0.012661080019499574,1.5,3.3,2.6,75.0,261.0,178.33333333333334,0.9,1.8,1.3333333333333333,700.0357142857143,16.85775377782765,6.17041927862881,6.210917691895343,0.024081276760327237,0.008814434967685662,696.0,16.3086,0.023431896551724136,23.75,686.8,718.2,0.0,0.0,675.0,727.0,3.5,15.625,0.005499328484668525,0.9926534708560601,-5.203129287894385,4.391782017330697,23.364570056029997,0.1879675939595239,322.36541517748543,5.320065969538002,3.2153185525140326,497.2042161918872,0.25,0.25,0.3333333333333333,0.0,59.84848484848484,60.03526940225149,59.663136615117565,41.66666666666667,0.5457198443579767,0.4542801556420234,3.2845793548735487,2.9967931578220792,0.5816455572642553,0.41835444273574474,17.819150724189736,15.112279820455356,0.5803900182749948,0.41960998172500524,12.812310370691407,10.894075697426363,1.8745903882220405,0.6541409427622318,1.9260447228501987,2.0137052471997046,0.24975512118497534,-0.2559249111910198,-0.3659913810327435,0.0001366828517292744,0.020657918413338458,0.2604957501661689,4.208966082694622,0.7562544636348464,1.499166996777532,1.1973665233722317,1.394013708695894,0.8584562360817151
11,34.13392857142857,0.0048051388325895715,0.46313586108558574,-1.8496810036145095,-0.0003703703703702967,0.0,34.13,34.14,0.00999999999999801,0.00999999999999801,89.48809523809526,0.9578875199530651,0.7960901733963016,0.17412721283057797,0.12345679012345662,-0.012820512820513184,89.0,90.0,1.0,3.6666666666666714,3.575569221854448,0.011091660289074731,-0.043766253185587994,-1.0157678374615045,-0.0014223496647521913,0.00016529373688808273,3.567192001355703,3.584229390681004,0.017037389325301078,0.038403440948309164,0.6615269904761903,0.006929642730325056,-0.8119224464970802,0.10670984826293584,-0.00043016296296296386,0.00022335384615384236,0.6582876,0.6665144666666667,0.008226866666666721,0.025441066666666567,16.0,139.0,82.66666666666667,4,190,81.0,-0.0021598359363282473,0.012036913851138201,0.005507117963757332,0.0018852131872182662,0.013592696359088576,0.006313627739652106,0.7,5.1,2.4,27.0,235.0,126.0,0.4,4.5,1.9333333333333333,661.1071428571429,6.946031564667303,3.410224278493957,3.445547107760228,0.01050666543194233,0.005158353400563492,662.0,6.6716999999999995,0.01007809667673716,8.5,657.0,667.0,0.0,0.0,645.0,671.0,2.1538461538461537,15.625,0.042838251147468406,1.0,-3.1503238571240915,2.436369724794953,9.52527003453283,0.25577959637492265,72.90719057099189,3.909615990378671,2.5697404732770495,148.9605921587374,0.25,0.24,0.0,0.0,42.3076923076923,42.35661602523167,42.259096100013174,60.0,0.4171974522292994,0.5828025477707006,1.5872084832279496,1.875961292039569,0.48389147944044086,0.5161085205595592,6.6259977477996586,6.843020026050127,0.47972972972972977,0.5202702702702702,4.817835453970845,5.017277839932419,1.5481865686377823,1.234732110833777,1.7522309566852274,1.9550032874330556,-0.2806152840887588,-0.7477625421408254,-0.3357762554576294,0.00044280919084410485,0.09645037730554214,0.23045832316616988,4.208966082694622,0.9534533177272251,2.1765546146278005,1.8226470711595992,1.5272617999932065,1.030147483298058
12,33.305714285714274,0.009973509887241742,-2.141515779967738,3.09526412924719,0.0011111111111111532,0.0,33.31,33.31,0.0,0.030000000000001137,85.67857142857143,2.2671062443352885,0.6563491008308466,-0.6259962943265198,0.18518518518518517,0.0,83.91666666666667,86.83333333333334,2.9166666666666714,7.0,3.5471150634977144,0.036578977542548144,0.6671978889497104,-1.0272209419460818,0.002980767111549409,0.0006614892941561718,3.5170084836504407,3.573736028862333,0.056727545211892494,0.1101195182817758,0.6718245650793652,0.03494052733984745,-0.1289834065049798,-0.8024287688398588,-0.0003106732510288109,-3.5452991453005086e-06,0.6496459333333333,0.6997676,0.05012166666666673,0.12997066666666657,4.0,255.0,113.16666666666667,14,269,134.0,-0.0015396573815824191,0.0671662239558342,0.019069843869009263,0.006763650379285753,0.06541565518135574,0.030977332262779322,1.0,4.7,2.0833333333333335,21.0,277.0,122.0,0.6,1.8,0.9999999999999998,671.25,34.92173789744402,19.8288977299593,20.2043689388341,0.052024935415186616,0.029540257325823913,668.5,36.323699999999995,0.05433612565445026,49.75,644.0,708.0,3.571428571428571,21.428571428571427,599.0,729.0,5.6,54.6875,0.024809955259755104,0.9895035771187937,-3.696510284595043,14.28664628624444,48.06376344113469,0.2972436043994303,2157.237388073891,3.3642439574787923,4.040868048600663,646.7929029221099,0.17857142857142858,0.1923076923076923,0.0,0.0,49.01477832512315,49.050238056696806,48.98105093754413,34.61538461538461,0.31075734740015076,0.6892426525998493,7.9650679653288385,11.862189446368593,0.6551576874276768,0.3448423125723232,38.90368087966904,28.224616386024262,0.6271931503271133,0.3728068496728866,28.079696345219208,21.648793368219945,1.365291146049523,2.8099458694042116,1.919083613431643,1.927589414350602,-0.6918727498325996,0.3359327762496793,-0.4969729662725629,0.002151540321287789,0.503242675479141,0.16763661440528477,4.521640636343318,0.7707688001586239,2.260548929003907,1.6145091726454979,1.8306714199565213,0.8584562360817151
13,33.388214285714284,0.0036831439934729643,-1.765622503946125,1.4144822072053902,0.0003703703703702967,0.0,33.39,33.39,0.0,0.00999999999999801,88.73809523809526,2.9998040304403952,0.037649053088144,-1.4224271598512659,0.024691358024691534,-0.025641025641025276,85.33333333333333,91.08333333333333,5.75,8.666666666666671,3.3238400810525155,0.07238503613924807,0.19058361955276365,-1.59503738397401,-0.002145458142290374,-0.00029068821015133274,3.2555951114355155,3.3835962393854246,0.12800112794990914,0.20020721635878713,0.6807493492063493,0.02794015805238278,-0.5186598467110781,-0.4667975359585257,0.000935433744855969,-0.0006346085470085477,0.6659614,0.6979701333333334,0.03200873333333332,0.09899893333333332,172.0,172.0,172.0,7,211,109.0,0.06471797767702557,0.06479517997025502,0.0647565788236403,0.07242559171799676,0.07242559171799676,0.07242559171799676,3.9,3.9,3.9,233.0,233.0,233.0,2.2,2.2,2.2,680.2857142857143,27.887149759219238,13.161391348266422,13.37887521409412,0.040993290280246675,0.019346858344784744,684.5,22.9803,0.033572388604821035,31.25,657.2,704.2,0.0,7.142857142857142,624.0,723.0,7.0,78.125,0.022651857353851695,0.997268243025157,-3.787513428037547,9.460293388534575,38.55881288735496,0.2453471121160216,1145.9828879375896,4.0758580420017845,3.766148242663176,628.640990387871,0.21428571428571427,0.25925925925925924,0.14285714285714285,0.0,53.918495297805634,53.81748754469599,54.01669559049884,48.148148148148145,0.5768655120803935,0.4231344879196065,7.203097624259676,6.169091692274666,0.5136519561581431,0.4863480438418568,27.634914673684847,26.890398700283505,0.517257895943828,0.4827421040561721,20.19372581281693,19.508347374494605,1.3760903672503526,0.4520122424967652,1.3668714540031726,1.5794891173180765,0.6257922438843746,-0.328993013754308,-0.029619679899653296,0.00023790919915589277,0.02193244538266874,0.16763661440528432,4.593069207771889,0.7770948345521198,2.2230690548460643,1.5566981025298237,1.9881025053017616,1.030147483298058
14,34.59071428571429,0.002775131014167143,4.126068866990932,17.401083852897834,0.0004938271604936412,0.0002564102564100232,34.59,34.59,0.0,0.013333333333328312,85.16666666666666,1.1635761535114824,-0.9761654852550167,0.8130932896889949,0.04938271604938307,-0.012820512820512638,84.33333333333333,85.75,1.4166666666666714,5.0,8.180711164797037,0.05984867193489047,1.0128322631463866,0.6332166482242574,0.00347213531176683,0.006168038361940498,8.130081300813009,8.19727435013139,0.06719304931838188,0.22778006195966327,0.6942369333333334,0.010684275286144736,1.2545437452871901,1.1289092176434012,-0.0007169382716049343,5.317948717949054e-05,0.6869088,0.6983849333333333,0.011476133333333305,0.038714666666666564,78.0,249.0,168.0,89,270,189.66666666666666,0.04016188883449616,0.12669789968568562,0.08749622811217928,0.0049171644453467125,0.22376172654721804,0.13307980437499572,1.1,3.3,2.1666666666666665,93.0,224.0,158.5,0.4,1.4,0.8999999999999999,693.75,10.75183016290026,4.203173404306164,4.222784487978143,0.01549813356814452,0.006058628330531408,691.0,8.8956,0.012873516642547033,11.25,685.4,698.6,0.0,0.0,681.0,720.0,2.8,0.0,0.015704185087536186,0.9942788185005182,-4.153828036065193,2.985959546938708,14.198581446740194,0.21029984989269787,133.19218680943266,4.755115139217807,2.8314488593826157,270.0635583712455,0.42857142857142855,0.3333333333333333,0.2857142857142857,0.4,39.32584269662921,39.56027622800836,39.087574796642926,61.904761904761905,0.3459119496855345,0.6540880503144655,1.7813132579860629,2.449489742783178,0.2939768198913362,0.7060231801086639,7.698418222986695,11.93038440133852,0.29623709711231955,0.7037629028876806,5.587428749393165,8.612028563692222,1.74489871510373,0.5908054751260501,1.8400418394509424,2.040301452666755,0.3732453832042779,-0.667311227710234,-0.16103967947641856,0.001222745443454005,0.05633930709372175,0.28814264625687924,3.923251796980337,0.8048153742334916,1.9249112188672886,1.5595068534876242,1.3339353106650873,0.8584562360817151
15,34.703571428571436,0.00736628798694569,1.7656225039461149,1.414482207205606,0.0007407407407405934,0.0,34.7,34.7,0.0,0.01999999999999602,77.64285714285714,2.377757998236477,-0.9773078686117194,-0.024884461972524363,-0.07407407407407407,0.025641025641025276,76.66666666666667,79.66666666666667,3.0,8.0,8.713459540977492,0.13038531455720026,-0.37871984403888037,-0.9409397366454222,0.014767391104456549,-0.0018416308009067896,8.59655642264338,8.81074367334265,0.21418725069927014,0.4518700554486994,0.7922679999999999,0.04229960601368133,0.8889609172830029,0.6490329328232125,0.0007340082304526775,0.0012585811965812065,0.7583926666666667,0.8140449999999999,0.05565233333333319,0.17237244444444455,42.0,236.0,148.25,54,269,175.0,-0.00563622365856839,0.3300911279895863,0.1210960349278312,0.02130265948504699,0.36520834545185626,0.15541834140399097,1.2,3.3,2.675,60.0,168.0,114.0,0.6,1.8,1.2,791.7857142857143,42.21580987230499,25.934390152702505,26.417640657177124,0.05331721589646096,0.03275430420729229,788.5,40.771499999999996,0.05170767279644895,55.25,754.8,815.6,7.142857142857142,39.285714285714285,734.0,906.0,7.0,31.25,0.030099470584785702,0.9993152991346207,-3.5032476959273127,18.680092851639383,57.018715376040376,0.3276133586743148,3346.1571372327403,3.0523785844585007,4.231516441755732,696.1708229086411,0.25,0.2692307692307692,0.14285714285714285,0.0,51.83150183150184,51.783181094361005,51.87521471480968,46.15384615384615,0.5899229074889869,0.4100770925110133,14.353370014363552,11.967102341901253,0.5804028130087064,0.41959718699129345,43.439236444105376,36.934626575708194,0.5813262499994138,0.4186737500005859,32.34954786095258,27.453398503177603,1.3886565128365034,2.133310727185715,1.7630290032103018,1.8955260877997202,-0.2797706404879037,0.09608094608579698,-0.4378913334560456,0.002321557580202717,0.325192881080458,0.18504139699325917,4.735926350629032,0.9609890973048856,1.6725724407342724,1.5269642247633235,2.207485617146008,1.030147483298058
16,34.405714285714275,0.00795342113189826,-1.466933923420069,0.32058110349871427,0.0007407407407405934,0.0,34.40833333333333,34.41,0.0016666666666651508,0.01999999999999602,82.27380952380952,2.2626936339004424,0.13716680340109028,-1.1991479259232465,0.12345679012345714,-0.025641025641025824,80.33333333333333,84.0,3.6666666666666714,7.333333333333329,4.32896187273126,0.07008651937724104,0.8902699346326817,-0.4879457481723781,0.0025284104735607167,-0.0024654016052202323,4.273621849740705,4.373440677645386,0.09981882790468077,0.22976264892095788,0.7187397619047619,0.02494714419241563,0.11910722463922417,-0.7269920245186192,-0.00014338765432098932,0.0008508717948717975,0.7026711999999999,0.7376526666666666,0.03498146666666668,0.09070293333333324,15.0,215.0,120.0,49,249,154.33333333333334,0.011782045243158172,0.12490520880915873,0.07893289650286058,0.04823671167106278,0.17322709531894437,0.1307642339475053,3.4,3.5,3.4333333333333336,65.0,179.0,122.0,1.4,1.6,1.5,718.2142857142857,24.92560358919547,10.886621079036347,11.092976654357974,0.03470496770250986,0.015157901054849217,714.0,25.9455,0.03633823529411764,34.25,698.6,740.8,0.0,3.571428571428571,673.0,764.0,5.6,39.0625,0.008968640797499075,0.9984492651115514,-4.714021141984974,7.8439190158405845,34.917566742779584,0.22464105456210193,860.4525892809638,4.451546053989657,3.6416970557689985,621.7486257949638,0.17857142857142858,0.2222222222222222,0.3333333333333333,0.0,49.2,49.21412914366863,49.186525305111395,59.25925925925925,0.5078125,0.4921875,5.5901699437494745,5.503495392790072,0.3750185422318046,0.6249814577681952,21.383084028710062,27.604350828403696,0.38139900430914603,0.618600995690854,15.628280176956057,19.90337466607175,1.8125338977124685,2.0964092252312554,2.1252655770904996,2.6791610042645857,-1.1493926394586609,-1.7166071908672151,-0.2357884994457674,0.003521433227368788,0.38554278881479115,0.21071351479177647,4.807354922057604,0.8462572767719395,1.9939830470318018,1.3332144074679295,1.7962736053044375,0.8584562360817151
17,34.68428571428573,0.018831222275590417,0.6293082070033316,-1.647672531510435,0.00148148148148145,0.0,34.67,34.71,0.03999999999999915,0.03999999999999915,77.90476190476191,1.9769393621511449,1.2050451613416604,0.40971218383981434,-0.037037037037037035,0.05128205128205165,76.66666666666667,78.5,1.8333333333333286,7.0,7.3310649135964825,0.07745756185766563,-0.06047282034009189,-1.1152319494922596,0.003918433880346702,-0.0027328564498828676,7.265104370041904,7.389522973368451,0.1244186033265473,0.23291526235624005,0.7617176507936508,0.025260080378777687,-1.1599577329563002,0.4646051300531564,-0.0017752757201646091,-0.0009395042735042675,0.7573556666666666,0.7785565555555556,0.021200888888888936,0.08802977777777787,2.0,258.0,136.5,16,269,160.83333333333334,0.014779642343867465,0.09305170482733384,0.056775629299534926,0.03603829067734793,0.13697544814825496,0.09212473981281495,1.1,3.2,2.433333333333333,24.0,275.0,139.75,0.6,2.1,1.25,761.2142857142857,25.216627587334248,8.48528137423857,8.455009135842463,0.033126844911577316,0.011147033803072158,767.0,16.3086,0.021262842242503258,20.75,746.6,781.0,0.0,3.571428571428571,704.0,792.0,4.0,62.5,0.005028190069307719,0.9959848571823401,-5.292695186799225,5.978594294948416,33.92601301323748,0.176224488642849,637.2088227701928,5.674580234003016,3.511251890358121,770.063531453786,0.2857142857142857,0.27999999999999997,0.42857142857142855,0.3333333333333333,36.51685393258426,35.92288305246196,37.09289650334478,64.0,0.4254115226337448,0.5745884773662551,3.9879626570275395,4.634735076654245,0.1412332009874781,0.8587667990125217,12.74973697659914,31.439124765201388,0.15017317408030717,0.8498268259196927,9.446153691484845,22.471085145500524,1.8575794507420853,0.519129299845317,2.0010782918815777,1.7415136419589192,1.2802065140577312,0.3071157768430095,-1.0,0.0016075976969383418,0.05753838812231391,0.2307373013593561,4.324862957617356,0.6152018923708318,1.3611365910839084,1.3703294166385216,1.6601585105800734,0.686764988865372
18,33.883571428571436,0.04374381622544924,1.4669339234227685,0.32058110350435287,0.004074074074074053,0.0,33.86,33.869166666666665,0.009166666666665435,0.10999999999999943,84.75000000000001,4.918784854457901,0.5117604548943492,-1.3303480185108838,-0.23456790123456825,0.012820512820512638,80.58333333333334,89.16666666666667,8.583333333333329,14.333333333333329,2.9955535493031844,0.03227700532096152,0.23727707909639512,-0.7776254909574885,0.004078990552187436,-0.0010201810543063376,2.967402714902519,3.0188776712636503,0.05147495636113142,0.11945640649743972,0.7066315523809524,0.039690860118576164,-1.0625594664055475,-0.4552544111140704,0.0024273481481481523,0.00037225641025641674,0.6800646,0.731085,0.051020399999999966,0.1197389333333333,3.0,218.0,91.0,16,268,116.0,0.002322320628412515,0.09758552524906466,0.036147920839927045,0.006347606745925767,0.13438416250015345,0.04818747863613895,1.1,5.0,2.5,41.0,151.0,96.0,0.6,0.6,0.6,706.1785714285714,39.60270620329296,9.689627902499089,9.564595207403263,0.05608030009063889,0.013721214852069716,724.5,16.3086,0.02251014492753623,51.25,660.4,734.6,0.0,10.714285714285714,627.0,746.0,3.111111111111111,101.5625,0.004448013572485648,0.9987345376104632,-5.415297670670335,6.7631901304592,55.789490376478945,0.12122695663322614,1185.369814369168,8.248990387719738,3.780823973627555,1840.8278794054308,0.2857142857142857,0.27999999999999997,0.42857142857142855,0.0,67.75956284153004,67.56047134074802,67.91762424616242,52.0,0.8165680473372781,0.1834319526627219,6.309333745150299,2.990369156526948,0.43631922993002775,0.5636807700699721,36.85144919535494,41.88601113342508,0.44218315147099696,0.5578168485290028,26.43706678231833,29.693267219705863,1.9045603088671141,2.6146568708784557,2.5656873015820763,2.7851805740577174,-0.39722970000431346,-0.4281292673532615,-0.4160527429352911,0.007346423741195964,0.6864694970011246,0.2462209783357907,4.307354922057604,0.4597488141520581,0.9291914895026627,1.1798349419477192,1.297217085143214,0.515073741649029
19,34.75178571428571,0.014415416497772306,0.46313586108462784,-1.8496810036152056,0.0011111111111111532,0.0,34.74,34.77,0.030000000000001137,0.030000000000001137,84.73809523809523,1.163070800109357,0.43229649341095716,-0.6299125979028668,0.06172839506172857,0.025641025641025824,83.91666666666667,85.41666666666666,1.4999999999999858,4.0,4.996925347221014,0.05614577748781901,-0.07512444491621989,0.11905935729904416,0.003583670527276689,-0.0009197364403256564,4.966976175229464,5.0336280567066485,0.06665188147718482,0.23223951635828932,0.6998959904761904,0.012059559669563999,0.19327268489450367,-0.8540804498893992,-0.0005530666666666655,4.270088556250602e-18,0.6907802666666666,0.7084092666666666,0.017629000000000006,0.04535146666666656,24.0,215.0,127.66666666666667,63,268,168.66666666666666,0.04122715704513838,0.09162160502368522,0.0719432227195726,0.10282586248145918,0.12386863983559188,0.11514780779287899,3.1,5.3,4.1000000000000005,80.0,194.0,137.0,1.7,1.9,1.7999999999999998,699.5357142857143,11.955107827811641,7.876359377087681,8.006407690254356,0.017090060712652573,0.011259409943250883,698.0,14.0847,0.02017865329512894,17.75,688.4,710.2,0.0,0.0,678.0,723.0,4.0,39.0625,0.041056073855670484,0.9962496341860042,-3.1928164916497477,5.661385170722978,15.639365191392635,0.3619958419948406,278.1580906442489,2.762462669431028,3.1512618065271543,172.8126500592848,0.25,0.2692307692307692,0.14285714285714285,0.0,45.94594594594594,45.859634900458104,46.03112431047032,46.15384615384615,0.3970149253731343,0.6029850746268658,3.5760958514085632,4.407162003271144,0.5095625948833831,0.4904374051166169,11.16395021600558,10.952440785701263,0.4964653521310382,0.5035346478689617,8.28921727197184,8.348024798938052,1.3608923901588246,0.9769787467644608,1.4973903381536542,1.6192893700059008,-0.16130588641692256,-0.5821947034584163,-0.37522857354272093,6.717544362256762e-05,0.04502715873915563,0.013603907614186284,4.593069207771889,1.0908672593625715,2.9848781565737883,1.8951064322757907,2.2319259329514334,0.8584562360817151
20,32.775714285714294,0.08474050024016219,-0.6293082070057789,-1.6476725315082403,0.0066666666666669195,0.0,32.66,32.84,0.18000000000000682,0.18000000000000682,80.07142857142857,4.521878358804927,0.6781927892171189,-0.9049711764140556,-0.13580246913580213,0.07692307692307693,76.66666666666667,83.75,7.083333333333329,14.666666666666671,0.8334716395060159,0.012183039591662925,1.3695830515079688,2.0643906788302973,0.0011974650045131125,-5.445929283684694e-05,0.827590685541537,0.8378791114165424,0.010288425875005336,0.05159454895814797,0.7540800634920635,0.052519532312546226,-0.5070174924201696,-0.8572819646229695,-0.0004608888888888934,-0.0001772649572649699,0.7229964,0.801601,0.07860460000000002,0.1683166222222222,5.0,225.0,98.75,15,267,123.75,0.0016096247929797544,0.035448451152952046,0.012192858787154655,0.004494105345662257,0.05591539387198088,0.01920286154774778,1.0,4.2,2.5,21.0,164.0,85.0,0.6,1.2,0.8999999999999999,753.6071428571429,52.559200685698954,20.052708323593375,20.428807658211046,0.06974350121793141,0.02660896796647621,755.5,64.4931,0.08536479152878888,78.5,707.8,805.2,0.0,46.42857142857143,652.0,820.0,7.0,0.0,0.0012206125061783324,0.9908996074129762,-6.708402491979503,14.445348426676704,72.38261938990318,0.19956929644759056,3284.8246394677053,5.010790827047951,4.223482299643181,1450.7766611065201,0.17857142857142858,0.1923076923076923,0.2,0.0,48.67617107942974,48.78797323962999,48.55935395762516,53.84615384615385,0.519756838905775,0.48024316109422505,10.417256393563076,10.013452489987197,0.46138366337688036,0.5386163366231195,49.16605943900461,53.121955809098885,0.46362073639683893,0.5363792636031611,35.53744948310842,38.224412485694835,1.771878275432432,0.4380169355271324,1.8965750369550118,1.985667292890633,0.03834010080323225,-0.9616598991967678,-0.29660088752412544,0.0001553636314213514,0.01678450804744506,0.14949538773377613,4.66449777920046,0.6586126163509917,1.4407632265424992,1.4361278360998075,1.4823698059313877,0.8584562360817151
21,34.25214285714285,0.029484100279849674,-0.15120264269645253,-2.062634714885138,0.0022222222222223064,0.0,34.22,34.28,0.060000000000002274,0.060000000000002274,83.38095238095237,2.269341714369717,-0.5117310369506572,-0.8229349423329677,0.20987654320987673,-0.0512820512820511,81.58333333333334,85.08333333333333,3.499999999999986,7.333333333333343,1.0806104014436224,0.030646069340410254,1.3721470457858624,1.9662437133349533,0.003472918245900438,0.0007850934777644622,1.0617975393813066,1.0934629598162813,0.03166542043497467,0.12842738442846469,0.7069475904761904,0.03016893054143357,0.9036541201334921,-0.0737853050123305,8.22387425648264e-18,0.0006487897435897454,0.6832447333333334,0.7204384666666667,0.03719373333333331,0.10305475555555565,4.0,232.0,108.16666666666667,14,269,130.16666666666666,-0.025544148511065463,0.09737876666356395,0.01847055101010538,0.010097399151083541,0.1260157660077507,0.03774114497948689,1.0,3.7,2.1999999999999997,21.0,214.0,112.6,0.7,1.8,1.02,706.4642857142857,30.266081911699676,11.330064888180049,11.545895041428894,0.04284163053069061,0.016037703698955633,700.0,28.1694,0.040242,37.25,679.0,729.6,0.0,7.142857142857142,668.0,771.0,3.111111111111111,31.25,0.005308017719977433,0.9976386844272176,-5.238536824164803,8.164180678662506,42.13918397656538,0.19374320782298027,1080.808126196361,5.161471265169111,3.7407187112875446,870.0007489308674,0.25,0.2692307692307692,0.42857142857142855,0.0,50.0,49.99795077290706,50.0020715058811,50.0,0.6194460473167915,0.3805539526832082,6.425609818411132,5.036405922419738,0.5669528434100868,0.43304715658991333,31.72923418543697,27.730245657341797,0.5688519646805947,0.43114803531940554,22.891404102116187,19.929022916740152,1.9516289592089417,1.4640144708803398,2.1797586655923253,2.5510587908632374,-0.3618951603593601,-0.98727509798554,-0.24638220273352748,0.003006901743879488,0.21834419131910637,0.1473395261521886,4.494680368408908,0.6841078204138931,1.248975642085356,1.3397805682719088,1.3951787783495635,0.686764988865372
22,33.94285714285716,0.004417910210615549,1.0006450453110696,-0.9721712429115081,-0.00037037037037055987,0.0,33.94,33.9475,0.007500000000000284,0.010000000000005116,89.95238095238095,2.401498650258993,-0.22178314961340845,-0.7486756540824735,-0.18518518518518517,-0.012820512820513184,88.58333333333334,92.33333333333333,3.749999999999986,8.333333333333329,3.5436439529940413,0.016418122416559978,0.28117827952251623,1.014692915047843,-0.0017161834372972546,0.0011326970812014418,3.53356890459364,3.5460992907801416,0.012530386186501818,0.07548815826472222,0.6852100952380952,0.04217511693785161,1.396873558468937,2.0668378881444553,0.0050185679012345686,0.00010635897435896828,0.6632651999999999,0.6967948666666666,0.03352966666666668,0.16979146666666656,16.0,186.0,101.0,4,216,81.66666666666667,0.00026246437321254985,0.018422296830588523,0.010166263844973244,0.004463845147210424,0.008287702125957752,0.006375773636584088,0.9,3.0,1.95,30.0,223.0,126.5,0.5,0.7,0.6,684.7857142857143,42.240367863557694,12.774395687670912,11.963024705899429,0.06168406697505035,0.018654588466401664,671.0,29.651999999999997,0.04419076005961251,33.25,656.6,703.8,0.0,10.714285714285714,629.0,799.0,4.666666666666667,39.0625,0.006122239849728809,0.9899642635096016,-5.095827260897584,8.459135893043689,55.63227608547167,0.15205446349251178,1478.4365923671205,6.576590894020332,3.876772813071082,1463.4828812693524,0.25,0.2692307692307692,0.2857142857142857,0.0,79.3103448275862,78.00901941143826,80.61234829491382,34.61538461538461,0.9251021334543804,0.0748978665456196,8.853508648248749,2.5191573682788944,0.8106745825661162,0.18932541743388387,50.08989333981168,24.20646045287149,0.8137237987224728,0.18627620127752748,35.96791646855796,17.208993019677028,1.3523630013036025,2.5017076944616132,2.115687013405611,1.960957815268455,0.15486056261036296,0.5565619056075581,-0.5618494312823605,0.006072034595003193,0.6154933418443364,0.18343704659120874,4.6644977792004605,0.5440975401578796,1.1176847114708743,1.2812342477967371,1.1933852227350985,0.515073741649029
23,33.93214285714285,0.00397671056594924,1.4669339234287342,0.32058110351678915,-0.0003703703703702967,0.0,33.93,33.93083333333333,0.0008333333333325754,0.00999999999999801,86.97619047619048,1.885462188981466,1.6748160539296508,2.1756506568042386,-0.024691358024691534,0.012820512820512638,85.91666666666667,87.0,1.0833333333333286,6.666666666666671,3.43845548481903,0.01328431057189743,0.6107199146883653,-0.9540518353622764,0.0010311812531054094,0.00046211147977339204,3.4275996798945543,3.4482826958320745,0.0206830159375202,0.0396104764257581,0.6886996825396825,0.009231404164575597,0.8299772166507086,-0.06637952674585268,-0.0007340082304526775,-0.00038998290598289795,0.6826916666666666,0.6942369333333334,0.011545266666666776,0.03401360000000009,4.0,252.0,128.0,15,270,146.75,0.001871474285353811,0.02733031969100881,0.011220776386826729,0.004229725012199996,0.031065139494743984,0.014576303668189999,1.1,3.2,1.875,31.0,211.0,120.33333333333333,0.9,1.9,1.4666666666666668,688.2142857142857,9.178707820204172,4.741464065189304,4.778274671040671,0.013336991124323655,0.006889517064104854,686.0,7.412999999999999,0.010806122448979591,11.5,681.4,695.6,0.0,0.0,675.0,709.0,2.3333333333333335,0.0,0.06779228045343849,0.9946778649540999,-2.691306948136959,3.3787504222647775,12.495127255382599,0.2704054431145784,132.6314962960329,3.6981504088150765,2.829616779153374,184.83543987075825,0.25,0.2962962962962963,0.25,0.0,41.28440366972477,41.2391141922383,41.33027875537968,66.66666666666666,0.42668863261943973,0.5733113673805602,2.2317637040621547,2.586949495507729,0.36992938085071375,0.6300706191492864,7.599763828989039,9.91825563654189,0.3738778316843024,0.6261221683156978,5.60076688888135,7.247899784216896,1.3685515519294589,0.6588160649015968,1.5047178071869396,1.5947404120693882,0.3421005805185935,-0.4318278838264682,-0.36335699798714727,0.00013880500302631944,0.02917754119318014,0.12304226982393773,4.324862957617356,0.9126604385444911,2.0467159759290148,1.7391221743704526,1.9986743712236383,1.030147483298058
