,0,1,2,3,4,5,6,7,8,9,10,11,12,13,14,15,16,17,18,19,20,21,22,23,24,25,26,27,28,29,30,31,32,33,34,35,36,37,38,39,40,41,42,43,44,45,46,47,48,49,50,51,52,53,54,55,56,57,58,59,60,61,62,63,64,65,66,67,68,69,70,71,72,73,74,75,76,77,78,79,80,81,82,83,84,85,86,87,88,89,90,91,92,93,94,95,96,97,98,99,100,101,102,103,104,105,106,107,108,109,110,111,112,113,114,115,116,117,118,119
0,31.809999465942496,31.809999465942496,31.809999465942496,31.809999465942496,31.809999465942496,31.809999465942496,31.809999465942496,31.809999465942496,31.809999465942496,31.809999465942496,31.809999465942496,31.809999465942496,31.809999465942496,31.809999465942496,31.809999465942496,31.809999465942496,31.809999465942496,31.809999465942496,31.809999465942496,31.809999465942496,31.809999465942496,31.809999465942496,31.809999465942496,31.809999465942496,31.809999465942496,31.809999465942496,31.813332875569767,31.816666285197037,31.819999694824304,31.819999694824304,82.33333333333333,81.66666666666667,80.66666666666667,79.33333333333333,79.0,79.33333333333333,79.66666666666667,80.0,79.66666666666667,79.66666666666667,79.66666666666667,80.0,80.0,79.66666666666667,79.33333333333333,79.0,79.33333333333333,79.66666666666667,80.0,80.0,80.0,80.0,80.0,80.0,80.0,80.0,80.0,80.0,80.33333333333333,80.0,2.548856692804341,2.551020408163258,2.551020408163258,2.551020408163258,2.551020408163258,2.551020408163258,2.551020408163258,2.551020408163258,2.551020408163258,2.548856692804341,2.546692977445424,2.546692977445424,2.548856692804341,2.551020408163258,2.548856692804341,2.548856692804341,2.548856692804341,2.551020408163258,2.548856692804341,2.548856692804341,2.548856692804341,2.551020408163258,2.553195191119919,2.55536997407658,2.55536997407658,2.5531951911199187,2.5510204081632573,2.551020408163257,2.54885669280434,2.546692977445423,0.7466399999999888,0.7300479999999888,0.691333333333322,0.6304959999999887,0.6470879999999887,0.7023946666666553,0.7023946666666553,0.6858026666666553,0.6692106666666554,0.6747413333333222,0.7134559999999889,0.7079253333333222,0.724517333333322,0.7079253333333221,0.691333333333322,0.7079253333333221,0.6692106666666554,0.7079253333333222,0.6858026666666556,0.730047999999989,0.7079253333333225,0.730047999999989,0.7134559999999892,0.7300479999999893,0.7300479999999893,0.7411093333333225,0.7466399999999892,0.7411093333333226,0.7411093333333226,0.7079253333333227
1,31.7900009155274,31.7900009155274,31.7900009155274,31.7900009155274,31.7900009155274,31.7900009155274,31.7900009155274,31.7900009155274,31.7900009155274,31.7900009155274,31.7900009155274,31.7900009155274,31.7900009155274,31.7900009155274,31.7900009155274,31.786667505900137,31.783334096272867,31.7800006866456,31.780000686645597,31.780000686645597,31.780000686645597,31.780000686645597,31.780000686645597,31.780000686645597,31.780000686645597,31.780000686645597,31.780000686645597,31.780000686645597,31.780000686645597,31.780000686645597,81.33333333333333,81.0,81.0,80.66666666666667,80.66666666666667,80.33333333333333,80.0,79.33333333333333,79.0,79.0,79.0,78.66666666666667,78.33333333333333,78.0,78.33333333333333,78.66666666666667,78.66666666666667,78.33333333333333,78.0,78.0,78.33333333333333,78.66666666666667,79.0,79.0,79.0,79.0,79.0,79.0,79.33333333333333,80.0,2.5167820631283986,2.512573388629389,2.509414239115371,2.5115238636443973,2.5115238636443973,2.508385783939272,2.5020885547201286,2.497921862011633,2.50210946670175,2.5084066959208933,2.5125733886293893,2.5104743386594053,2.508364714130379,2.510463764100363,2.510463764100363,2.5083647141303795,2.5062656641603955,2.5083647141303795,2.510463764100363,2.510463764100363,2.510463764100363,2.510463764100363,2.5125628140703467,2.510463764100363,2.5083647141303795,2.5083647141303795,2.5083647141303795,2.5083647141303795,2.5062656641603955,2.5083647141303795,0.7521706666666561,0.7079253333333227,0.7189866666666561,0.7189866666666561,0.7632319999999894,0.7687626666666562,0.7798239999999895,0.7411093333333229,0.7466399999999895,0.7521706666666562,0.8019466666666563,0.8185386666666563,0.7853546666666564,0.7079253333333231,0.6249653333333232,0.6747413333333231,0.6968639999999896,0.757701333333323,0.7245173333333229,0.7355786666666564,0.7189866666666566,0.7079253333333232,0.6526186666666566,0.691333333333323,0.6636799999999897,0.6858026666666565,0.6360266666666566,0.6747413333333232,0.6581493333333231,0.6470879999999898
2,32.36999893188493,32.36999893188493,32.36999893188493,32.36999893188493,32.36999893188493,32.36999893188493,32.36999893188493,32.36999893188493,32.36999893188493,32.36999893188493,32.36999893188493,32.36999893188493,32.36999893188493,32.36999893188493,32.36999893188493,32.36999893188493,32.36999893188493,32.36999893188493,32.36999893188493,32.36999893188493,32.36999893188493,32.36999893188493,32.36999893188493,32.36999893188493,32.36999893188493,32.36999893188493,32.36999893188493,32.373332977295064,32.3766670227052,32.38000106811534,92.66666666666669,92.0,91.66666666666669,91.33333333333331,90.66666666666669,89.33333333333333,88.0,88.0,88.33333333333333,89.33333333333333,88.66666666666667,89.33333333333333,88.66666666666667,88.33333333333333,87.33333333333333,87.0,87.0,87.0,88.66666666666667,90.33333333333331,92.0,92.0,92.0,92.0,89.0,89.0,86.0,86.0,82.66666666666667,82.33333333333333,1.6891891891891946,1.6882396730626124,1.6872901569360303,1.6872901569360303,1.6872901569360303,1.6872901569360303,1.6863406408094483,1.6863406408094483,1.6863406408094483,1.6863406408094483,1.6863406408094483,1.6863406408094483,1.6853943217068617,1.684448002604275,1.6830301144026685,1.6820869762046282,1.683033295307215,1.6873093879847698,1.6930162547722318,1.6949185002779392,1.6939625413076982,1.6920473773265703,1.691094647947445,1.6901419185683195,1.6891891891891946,1.6882396730626124,1.6872901569360303,1.6863406408094483,1.6863406408094483,1.6853943217068617,0.6360266666666615,0.6470879999999948,0.6609146666666614,0.6664453333333281,0.6719759999999949,0.6913333333333282,0.6968639999999949,0.6913333333333284,0.6692106666666616,0.6692106666666616,0.6747413333333284,0.6747413333333284,0.6802719999999951,0.6858026666666618,0.6913333333333286,0.6913333333333286,0.6913333333333286,0.6802719999999952,0.6581493333333285,0.6526186666666618,0.663679999999995,0.6913333333333284,0.6968639999999952,0.7079253333333284,0.7134559999999951,0.7079253333333284,0.7134559999999951,0.7245173333333285,0.7411093333333284,0.7355786666666617
3,32.310001373291115,32.310001373291115,32.310001373291115,32.310001373291115,32.310001373291115,32.310001373291115,32.310001373291115,32.310001373291115,32.310001373291115,32.310001373291115,32.310001373291115,32.310001373291115,32.310001373291115,32.310001373291115,32.310001373291115,32.310001373291115,32.310001373291115,32.310001373291115,32.310001373291115,32.310001373291115,32.310001373291115,32.310001373291115,32.310001373291115,32.310001373291115,32.310001373291115,32.310001373291115,32.310001373291115,32.310001373291115,32.310001373291115,32.310001373291115,85.0,85.33333333333333,85.66666666666667,86.0,86.0,86.0,86.0,86.33333333333333,86.66666666666667,87.33333333333333,87.66666666666667,88.33333333333333,88.66666666666667,89.0,89.0,88.66666666666667,88.0,87.33333333333333,87.0,87.0,87.0,87.0,87.0,87.0,87.0,87.0,86.66666666666667,86.33333333333333,86.0,86.66666666666667,1.7016460189981792,1.7016460189981792,1.70068027210885,1.70068027210885,1.70068027210885,1.7001990383023675,1.699236570689403,1.6982741030764383,1.697792869269956,1.697792869269956,1.697792869269956,1.696833664259069,1.6958744592481818,1.694915254237295,1.694915254237295,1.694915254237295,1.693959295267054,1.6930033362968129,1.691094647947447,1.6901419185683215,1.6891891891891964,1.6891891891891964,1.6891891891891964,1.6891891891891964,1.6891891891891964,1.6891891891891964,1.6891891891891964,1.6891891891891964,1.6891891891891964,1.6891891891891964,0.6443226666666612,0.6304959999999945,0.6470879999999944,0.6470879999999946,0.6802719999999945,0.7023946666666611,0.6913333333333277,0.6802719999999943,0.6636799999999944,0.6692106666666611,0.6581493333333278,0.6636799999999944,0.6913333333333277,0.7245173333333277,0.7411093333333277,0.718986666666661,0.652618666666661,0.6249653333333277,0.6249653333333277,0.6581493333333277,0.6526186666666609,0.6692106666666607,0.6747413333333275,0.6858026666666609,0.6913333333333277,0.6913333333333277,0.6858026666666609,0.6802719999999942,0.6802719999999942,0.6747413333333275
4,32.110000610351726,32.110000610351726,32.110000610351726,32.110000610351726,32.110000610351726,32.110000610351726,32.110000610351726,32.110000610351726,32.110000610351726,32.110000610351726,32.110000610351726,32.110000610351726,32.09666697184259,32.08333333333346,32.069999694824325,32.069999694824325,32.069999694824325,32.069999694824325,32.069999694824325,32.069999694824325,32.069999694824325,32.069999694824325,32.069999694824325,32.069999694824325,32.069999694824325,32.069999694824325,32.069999694824325,32.069999694824325,32.069999694824325,32.069999694824325,85.0,86.0,90.0,93.0,95.33333333333331,93.66666666666669,92.0,90.33333333333331,89.33333333333333,89.0,89.33333333333333,89.66666666666667,90.0,89.66666666666667,89.33333333333333,88.66666666666667,90.33333333333331,92.0,93.66666666666669,93.66666666666669,93.33333333333331,93.66666666666669,93.33333333333331,90.33333333333331,87.0,83.0,82.0,81.33333333333333,82.0,82.66666666666667,1.6629721965789823,1.6620508823426503,1.6611295681063185,1.6611295681063185,1.6611295681063185,1.6611295681063185,1.6611295681063185,1.6611295681063185,1.660211309638598,1.6592930511708774,1.658374792703157,1.658374792703157,1.658374792703157,1.6592930511708772,1.6602113096385978,1.6611295681063185,1.6611295681063185,1.6611295681063185,1.6611295681063185,1.660211309638598,1.6592930511708774,1.658374792703157,1.658374792703157,1.658374792703157,1.658374792703157,1.658374792703157,1.6574595748263892,1.6565443569496214,1.654716946709728,1.6538047543466023,0.6139039999999935,0.6083733333333267,0.5973119999999934,0.6139039999999935,0.6470879999999934,0.6747413333333268,0.68580266666666,0.6747413333333268,0.6692106666666601,0.65261866666666,0.6581493333333267,0.6636799999999934,0.6692106666666601,0.6802719999999933,0.6802719999999933,0.6802719999999933,0.6415573333333265,0.6083733333333265,0.6028426666666599,0.6415573333333265,0.6913333333333266,0.7300479999999933,0.7577013333333266,0.7632319999999932,0.7466399999999932,0.7245173333333265,0.7134559999999931,0.6913333333333265,0.6858026666666599,0.6858026666666599
5,31.1800003051758,31.1800003051758,31.1800003051758,31.1800003051758,31.1800003051758,31.1800003051758,31.1800003051758,31.1800003051758,31.1800003051758,31.1800003051758,31.1800003051758,31.1800003051758,31.1800003051758,31.1800003051758,31.1800003051758,31.1800003051758,31.1800003051758,31.1800003051758,31.1800003051758,31.1800003051758,31.189999898274767,31.19999949137373,31.209999084472702,31.209999084472702,31.209999084472702,31.209999084472702,31.209999084472702,31.209999084472702,31.209999084472702,31.209999084472702,92.0,91.66666666666669,90.66666666666669,90.33333333333331,90.66666666666669,91.0,91.0,93.0,94.66666666666669,96.33333333333331,96.0,95.33333333333331,94.0,93.0,92.33333333333331,92.33333333333331,92.0,93.33333333333331,94.66666666666669,95.66666666666669,95.0,94.33333333333331,93.33333333333331,92.0,91.0,91.66666666666669,93.0,94.0,94.0,94.0,0.6335799516187491,0.6333122229259037,0.6333122229259037,0.6331786127522906,0.6325122488813669,0.6317131167388735,0.6305181927758684,0.629856022510174,0.629326620516049,0.6295909879264738,0.6301203899205988,0.6310486002753423,0.6317124432196609,0.6323779651885411,0.6323779651885411,0.6323779651885411,0.6318452114912303,0.6315791714021813,0.631180363041563,0.6307825601862932,0.6299884556186038,0.6290637479583255,0.6286674462459058,0.6286674462459058,0.6289308176100641,0.6286674462459058,0.6286674462459058,0.6287993805479007,0.6294590536244788,0.6298553553368986,0.6581493333333311,0.6692106666666645,0.6636799999999977,0.6470879999999978,0.624965333333331,0.6194346666666645,0.6083733333333311,0.6083733333333312,0.6083733333333312,0.6304959999999978,0.6415573333333312,0.6581493333333313,0.6470879999999978,0.6470879999999978,0.6360266666666644,0.641557333333331,0.6360266666666643,0.641557333333331,0.6526186666666643,0.6802719999999977,0.6692106666666643,0.6526186666666643,0.641557333333331,0.6581493333333311,0.6692106666666645,0.6636799999999977,0.6692106666666643,0.6692106666666643,0.6581493333333309,0.6526186666666643
6,31.780000686645597,31.780000686645597,31.780000686645597,31.780000686645597,31.780000686645597,31.780000686645597,31.780000686645597,31.780000686645597,31.780000686645597,31.780000686645597,31.780000686645597,31.780000686645597,31.780000686645597,31.780000686645597,31.780000686645597,31.780000686645597,31.780000686645597,31.780000686645597,31.786666870117266,31.79333305358893,31.799999237060604,31.799999237060604,31.799999237060604,31.799999237060604,31.799999237060604,31.799999237060604,31.799999237060604,31.799999237060604,31.799999237060604,31.799999237060604,89.66666666666667,89.33333333333333,86.33333333333333,84.0,82.0,81.0,79.66666666666667,78.66666666666667,78.0,77.66666666666667,77.33333333333333,77.33333333333333,78.33333333333333,79.33333333333333,79.66666666666667,79.33333333333333,79.0,78.0,77.0,76.33333333333333,77.66666666666667,82.33333333333333,86.66666666666667,89.66666666666667,87.33333333333333,84.66666666666667,82.0,81.0,80.0,79.33333333333333,2.8929658484823104,2.890173410404625,2.890173410404625,2.890173410404625,2.890173410404625,2.890173410404625,2.890173410404625,2.890173410404625,2.890173410404625,2.890173410404625,2.887397067070902,2.88462072373718,2.8818443804034573,2.8818443804034573,2.8818443804034573,2.879083993065906,2.8763236057283543,2.873563218390803,2.873563218390803,2.873563218390803,2.873563218390803,2.8708186498918624,2.8680740813929213,2.8653295128939806,2.8653295128939806,2.8653295128939806,2.8653295128939806,2.8626006276436056,2.859871742393231,2.857142857142856,0.6968639999999903,0.7245173333333236,0.7466399999999901,0.7687626666666568,0.7632319999999901,0.7632319999999901,0.7577013333333235,0.7687626666666567,0.77982399999999,0.7521706666666567,0.71345599999999,0.6692106666666566,0.6913333333333234,0.7300479999999899,0.7798239999999899,0.8130079999999898,0.8351306666666566,0.8130079999999898,0.76323199999999,0.7079253333333234,0.6802719999999901,0.6692106666666567,0.6913333333333234,0.7300479999999899,0.7687626666666567,0.7742933333333234,0.7632319999999901,0.7079253333333235,0.6968639999999903,0.6802719999999903
7,31.799999237060604,31.799999237060604,31.799999237060604,31.799999237060604,31.799999237060604,31.799999237060604,31.799999237060604,31.799999237060604,31.799999237060604,31.799999237060604,31.799999237060604,31.799999237060604,31.799999237060604,31.799999237060604,31.799999237060604,31.799999237060604,31.799999237060604,31.799999237060604,31.799999237060604,31.799999237060604,31.799999237060604,31.799999237060604,31.799999237060604,31.799999237060604,31.799999237060604,31.799999237060604,31.799999237060604,31.799999237060604,31.799999237060604,31.799999237060604,84.0,85.66666666666667,86.66666666666667,87.66666666666667,86.66666666666667,86.66666666666667,86.33333333333333,86.66666666666667,86.66666666666667,87.0,86.0,84.33333333333333,82.66666666666667,81.66666666666667,81.0,82.0,83.66666666666667,86.0,87.0,87.66666666666667,88.0,86.33333333333333,84.0,81.66666666666667,80.33333333333333,79.66666666666667,80.33333333333333,81.66666666666667,84.33333333333333,85.66666666666667,2.749775477048201,2.747252747252744,2.7472527472527437,2.7472527472527437,2.744743840634248,2.742234934015752,2.739726027397256,2.739726027397256,2.739726027397256,2.7372308306509923,2.734735633904729,2.732240437158465,2.732240437158465,2.732240437158465,2.732240437158465,2.732240437158465,2.729758838214634,2.7272772392708027,2.724795640326971,2.724795640326971,2.724795640326971,2.722327528333921,2.719859416340871,2.7173913043478213,2.7173913043478213,2.7173913043478213,2.7173913043478213,2.7173913043478213,2.7173913043478213,2.7173913043478213,0.6581493333333238,0.6747413333333238,0.6913333333333238,0.7079253333333236,0.6968639999999904,0.6858026666666571,0.6747413333333238,0.6802719999999903,0.6913333333333237,0.702394666666657,0.7300479999999903,0.7466399999999903,0.7577013333333236,0.7466399999999903,0.7300479999999903,0.6802719999999903,0.6470879999999903,0.6360266666666571,0.6692106666666571,0.7023946666666571,0.7355786666666572,0.752170666666657,0.7577013333333236,0.7466399999999903,0.7466399999999901,0.7355786666666567,0.6968639999999899,0.6581493333333233,0.6304959999999898,0.6581493333333231
8,31.819999694824304,31.819999694824304,31.819999694824304,31.819999694824304,31.819999694824304,31.819999694824304,31.819999694824304,31.819999694824304,31.819999694824304,31.819999694824304,31.819999694824304,31.819999694824304,31.819999694824304,31.819999694824304,31.819999694824304,31.819999694824304,31.819999694824304,31.819999694824304,31.819999694824304,31.819999694824304,31.819999694824304,31.819999694824304,31.819999694824304,31.819999694824304,31.819999694824304,31.82666651407887,31.83333333333344,31.840000152588004,31.840000152588004,31.840000152588004,81.0,81.0,81.0,81.33333333333333,81.66666666666667,82.33333333333333,82.66666666666667,83.0,83.0,82.0,80.0,77.66666666666667,76.66666666666667,77.0,77.66666666666667,78.0,78.0,80.0,81.0,81.66666666666667,80.66666666666667,80.66666666666667,81.0,81.0,81.0,81.33333333333333,82.0,82.0,81.33333333333333,81.33333333333333,2.6019119769119707,2.6019119769119707,2.6019119769119707,2.6041666666666603,2.6041666666666603,2.6041666666666603,2.6041666666666603,2.6041666666666603,2.6041666666666603,2.6019119769119707,2.599657287157281,2.597402597402592,2.597402597402592,2.597402597402592,2.597402597402592,2.595159589978237,2.5929165825538827,2.590673575129528,2.590673575129528,2.590673575129528,2.590673575129528,2.590673575129528,2.590673575129528,2.590673575129528,2.590673575129528,2.590673575129528,2.5884421594748086,2.586210743820089,2.5839793281653693,2.5839793281653693,0.6830373333333225,0.6581493333333225,0.6968639999999892,0.6526186666666559,0.6692106666666559,0.6692106666666559,0.7134559999999892,0.735578666666656,0.7521706666666558,0.7632319999999893,0.8074773333333226,0.7189866666666559,0.6913333333333226,0.6360266666666559,0.7300479999999893,0.7300479999999893,0.7300479999999893,0.7134559999999892,0.7245173333333227,0.7355786666666561,0.7466399999999895,0.7300479999999897,0.7189866666666562,0.7134559999999895,0.7355786666666561,0.7411093333333229,0.7411093333333229,0.7355786666666563,0.7411093333333229,0.7134559999999895
9,31.28000068664553,31.28000068664553,31.28000068664553,31.28000068664553,31.28000068664553,31.28000068664553,31.28000068664553,31.28000068664553,31.28000068664553,31.28000068664553,31.28000068664553,31.28000068664553,31.28000068664553,31.28000068664553,31.28000068664553,31.28000068664553,31.290000279744493,31.29999987284346,31.30999946594243,31.30999946594243,31.30999946594243,31.30999946594243,31.30999946594243,31.30999946594243,31.30999946594243,31.30999946594243,31.30999946594243,31.30999946594243,31.30999946594243,31.30999946594243,98.66666666666669,98.0,97.0,96.33333333333331,95.66666666666669,95.0,94.33333333333331,95.66666666666669,97.33333333333331,99.0,99.0,102.33333333333331,105.33333333333331,108.33333333333331,107.66666666666669,105.33333333333331,102.66666666666669,100.0,98.33333333333331,97.33333333333331,96.66666666666669,97.33333333333331,97.33333333333331,97.33333333333331,97.0,96.66666666666669,96.66666666666669,96.66666666666669,98.66666666666669,100.33333333333331,0.6206053839091391,0.6203494653117266,0.6191956795097533,0.6186844753850518,0.6180474434442703,0.6176656970307778,0.6175382909348038,0.6185594389093567,0.6213921979651724,0.624101232906305,0.6252622074438116,0.6240939767758873,0.622666133732702,0.6217620318223346,0.6211186514089961,0.6204760697317243,0.6200909996682262,0.6200909996682262,0.6204760697317243,0.6206042671680833,0.6204760697317243,0.6195797955435247,0.6183049344778837,0.6167788721954669,0.6163971257819744,0.617287870813844,0.6195855109459583,0.6211210431614241,0.6227959361293216,0.6227959361293216,0.658149333333331,0.6747413333333311,0.6747413333333311,0.658149333333331,0.6360266666666643,0.608373333333331,0.5862506666666644,0.5807199999999977,0.575189333333331,0.5696586666666643,0.5475359999999976,0.558597333333331,0.5641279999999975,0.5807199999999976,0.6028426666666643,0.6249653333333309,0.6304959999999976,0.6304959999999976,0.6304959999999976,0.6249653333333309,0.6083733333333309,0.6083733333333309,0.6139039999999976,0.6304959999999976,0.5973119999999975,0.5696586666666642,0.5641279999999975,0.5807199999999976,0.6028426666666643,0.624965333333331
10,31.680000305175884,31.680000305175884,31.680000305175884,31.680000305175884,31.680000305175884,31.680000305175884,31.680000305175884,31.680000305175884,31.680000305175884,31.680000305175884,31.680000305175884,31.680000305175884,31.680000305175884,31.680000305175884,31.680000305175884,31.680000305175884,31.680000305175884,31.680000305175884,31.680000305175884,31.680000305175884,31.680000305175884,31.680000305175884,31.686667124430453,31.69333394368502,31.700000762939585,31.700000762939585,31.700000762939585,31.700000762939585,31.700000762939585,31.700000762939585,88.66666666666667,88.33333333333333,88.0,88.0,87.33333333333333,86.66666666666667,86.33333333333333,86.0,85.33333333333333,84.66666666666667,85.0,85.66666666666667,86.0,85.66666666666667,85.66666666666667,85.33333333333333,84.66666666666667,83.66666666666667,83.66666666666667,83.66666666666667,84.33333333333333,84.33333333333333,85.66666666666667,86.66666666666667,87.66666666666667,87.33333333333333,86.66666666666667,86.33333333333333,85.66666666666667,86.0,4.672965222570188,4.68027805073335,4.68752285258802,4.680210024424857,4.672897196261692,4.680210024424856,4.687522852588018,4.687522852588018,4.680210024424855,4.672897196261691,4.67289719626169,4.67289719626169,4.67289719626169,4.680210024424853,4.687522852588017,4.687522852588017,4.680210024424853,4.66565239440702,4.65840759255235,4.65116279069768,4.6731022378236124,4.710016228225975,4.746930218628337,4.754382005566845,4.739407462290415,4.724432919013984,4.716981132075476,4.7095993149673765,4.7095993149673765,4.7095993149673765,0.6802719999999907,0.6747413333333241,0.6802719999999908,0.6858026666666576,0.7079253333333243,0.7134559999999909,0.7134559999999909,0.7023946666666575,0.6968639999999909,0.6858026666666576,0.6802719999999908,0.6858026666666573,0.6968639999999908,0.7079253333333241,0.7023946666666575,0.7134559999999909,0.7189866666666576,0.7245173333333241,0.7079253333333241,0.6913333333333241,0.6858026666666576,0.6802719999999908,0.6747413333333241,0.6692106666666574,0.6802719999999907,0.7023946666666573,0.7134559999999905,0.7189866666666571,0.7023946666666571,0.6913333333333238
11,31.62999916076669,31.62999916076669,31.62999916076669,31.62999916076669,31.62999916076669,31.62999916076669,31.62999916076669,31.62999916076669,31.62999916076669,31.62999916076669,31.62999916076669,31.63666598002126,31.643332799275825,31.64999961853039,31.64999961853039,31.64999961853039,31.64999961853039,31.64999961853039,31.64999961853039,31.64999961853039,31.64999961853039,31.64999961853039,31.64999961853039,31.64999961853039,31.64999961853039,31.64999961853039,31.64999961853039,31.64999961853039,31.64999961853039,31.64999961853039,83.66666666666667,83.66666666666667,82.66666666666667,82.33333333333333,81.66666666666667,81.33333333333333,81.0,81.66666666666667,82.0,83.33333333333333,83.66666666666667,84.33333333333333,84.0,84.0,84.33333333333333,84.33333333333333,84.33333333333333,84.0,84.33333333333333,84.66666666666667,85.0,85.66666666666667,85.66666666666667,85.66666666666667,85.66666666666667,86.33333333333333,87.0,87.0,87.0,87.33333333333333,3.7128826472073015,3.7082931754555,3.703703703703699,3.703703703703699,3.699148102592132,3.694592501480565,3.685514796324428,3.680992692279858,3.676470588235288,3.676470588235288,3.676470588235288,3.671981613158078,3.667492638080868,3.6585474541678864,3.654091245332116,3.6496350364963455,3.645211236452107,3.640787436407869,3.636363636363632,3.631971892841453,3.6275801493192743,3.623188405797096,3.618828371614428,3.61446833743176,3.610108303249092,3.610108303249092,3.610108303249092,3.610108303249092,3.610108303249092,3.605779636218817,0.7079253333333234,0.7245173333333234,0.7245173333333234,0.7355786666666567,0.7300479999999899,0.7355786666666567,0.7245173333333232,0.71345599999999,0.7023946666666566,0.6913333333333234,0.6858026666666567,0.6858026666666567,0.6968639999999899,0.7023946666666566,0.7079253333333232,0.7023946666666566,0.7079253333333232,0.7023946666666566,0.6968639999999899,0.6858026666666567,0.6858026666666567,0.6913333333333234,0.7023946666666566,0.7079253333333232,0.7134559999999898,0.6913333333333233,0.6802719999999899,0.64708799999999,0.6415573333333233,0.6304959999999901
12,31.72999954223639,31.72999954223639,31.72999954223639,31.72999954223639,31.72999954223639,31.72999954223639,31.72999954223639,31.72999954223639,31.72999954223639,31.72999954223639,31.72999954223639,31.72999954223639,31.72999954223639,31.72999954223639,31.72999954223639,31.72999954223639,31.72999954223639,31.72999954223639,31.72999954223639,31.72999954223639,31.72999954223639,31.72999954223639,31.72999954223639,31.72999954223639,31.72999954223639,31.72999954223639,31.72999954223639,31.72999954223639,31.72999954223639,31.72999954223639,89.33333333333333,87.33333333333333,85.33333333333333,85.0,85.0,85.0,85.0,85.0,84.66666666666667,84.33333333333333,84.33333333333333,84.33333333333333,84.66666666666667,85.33333333333333,86.66666666666667,87.66666666666667,88.0,88.33333333333333,88.66666666666667,89.0,89.66666666666667,90.66666666666669,89.0,87.33333333333333,85.33333333333333,86.33333333333333,87.0,87.33333333333333,88.33333333333333,88.0,3.1948881789137347,3.1914965778745485,3.188104976835362,3.1847133757961754,3.1847133757961754,3.1847133757961754,3.181343308731841,3.1779732416675057,3.174603174603171,3.1712544370772187,3.167905699551266,3.1645569620253133,3.161229352180912,3.1579017423365108,3.154574132492109,3.154574132492109,3.154574132492109,3.1512674510115097,3.14796076953091,3.1446540880503107,3.1446540880503107,3.141368138115044,3.1380821881797765,3.1347962382445096,3.131530825496338,3.128265412748167,3.124999999999996,3.124999999999996,3.124999999999996,3.121754932502592,0.7189866666666562,0.7245173333333228,0.7189866666666562,0.6968639999999896,0.7023946666666564,0.6968639999999896,0.707925333333323,0.7023946666666562,0.7189866666666562,0.7134559999999897,0.7023946666666564,0.691333333333323,0.6802719999999897,0.6747413333333229,0.6692106666666562,0.6747413333333228,0.6802719999999894,0.6913333333333228,0.6968639999999895,0.7023946666666562,0.6968639999999896,0.6968639999999896,0.7023946666666562,0.7023946666666562,0.6858026666666562,0.6747413333333229,0.6692106666666562,0.6802719999999894,0.6802719999999894,0.6858026666666562
13,31.7900009155274,31.7900009155274,31.7900009155274,31.7900009155274,31.7900009155274,31.7900009155274,31.7900009155274,31.7900009155274,31.7900009155274,31.7900009155274,31.7900009155274,31.7900009155274,31.7900009155274,31.7900009155274,31.7900009155274,31.7900009155274,31.7900009155274,31.7900009155274,31.7900009155274,31.7900009155274,31.7900009155274,31.7900009155274,31.7900009155274,31.7900009155274,31.7900009155274,31.7900009155274,31.7900009155274,31.7900009155274,31.7900009155274,31.7900009155274,87.0,88.66666666666667,90.33333333333331,89.33333333333333,86.33333333333333,83.0,82.0,82.0,83.0,83.66666666666667,83.66666666666667,83.33333333333333,83.66666666666667,84.0,85.0,86.0,87.0,87.0,86.0,86.0,86.0,85.33333333333333,84.33333333333333,83.66666666666667,84.66666666666667,85.66666666666667,86.33333333333333,86.33333333333333,86.33333333333333,86.0,2.949852507374628,2.949852507374628,2.946960495112496,2.9440684828503643,2.9411764705882324,2.9411764705882324,2.938301420274852,2.9354263699614718,2.9325513196480912,2.9325513196480912,2.9296930824944383,2.9268348453407853,2.9239766081871323,2.9239766081871323,2.9239766081871323,2.9239766081871323,2.9239766081871323,2.9239766081871323,2.921135037139331,2.9182934660915305,2.9154518950437303,2.9154518950437307,2.9154518950437307,2.9154518950437307,2.9154518950437307,2.912626844757836,2.909801794471941,2.909801794471941,2.912626844757836,2.9154518950437307,0.6858026666666568,0.69686399999999,0.7189866666666567,0.7355786666666565,0.7466399999999899,0.7411093333333231,0.7300479999999897,0.7079253333333231,0.6968639999999898,0.6913333333333233,0.6968639999999899,0.6968639999999899,0.7023946666666565,0.6940986666666564,0.6775066666666564,0.6664453333333231,0.6913333333333233,0.7300479999999898,0.7466399999999899,0.7355786666666564,0.7023946666666565,0.6858026666666565,0.6802719999999899,0.6858026666666565,0.6858026666666565,0.691333333333323,0.7023946666666564,0.7079253333333231,0.6913333333333233,0.6802719999999899
14,31.799999237060604,31.799999237060604,31.799999237060604,31.799999237060604,31.799999237060604,31.799999237060604,31.799999237060604,31.799999237060604,31.799999237060604,31.799999237060604,31.799999237060604,31.799999237060604,31.799999237060604,31.799999237060604,31.799999237060604,31.799999237060604,31.799999237060604,31.799999237060604,31.799999237060604,31.799999237060604,31.799999237060604,31.799999237060604,31.799999237060604,31.799999237060604,31.799999237060604,31.799999237060604,31.799999237060604,31.799999237060604,31.799999237060604,31.799999237060604,79.33333333333333,79.0,79.0,79.0,78.66666666666667,78.33333333333333,78.0,78.0,78.0,78.66666666666667,79.66666666666667,80.0,79.66666666666667,79.33333333333333,79.66666666666667,81.66666666666667,83.33333333333333,85.0,84.0,82.66666666666667,81.33333333333333,81.0,81.33333333333333,81.66666666666667,82.0,82.33333333333333,82.33333333333333,82.33333333333333,81.66666666666667,81.66666666666667,2.790702499701735,2.790702499701735,2.7932960893854726,2.7932960893854726,2.7932960893854726,2.7932960893854726,2.7932960893854726,2.7932960893854726,2.7932960893854726,2.7932960893854726,2.7932960893854726,2.7932960893854726,2.7932960893854726,2.7932960893854726,2.7932960893854726,2.790702499701735,2.7881089100179977,2.78551532033426,2.78551532033426,2.78551532033426,2.7829361394820986,2.780356958629937,2.7777777777777763,2.7777777777777763,2.7777777777777763,2.775212886016208,2.7726479942546405,2.7700831024930728,2.7700831024930728,2.7675323814042208,0.674741333333324,0.7300479999999906,0.7577013333333239,0.7355786666666573,0.7355786666666573,0.7300479999999906,0.7521706666666571,0.7494053333333238,0.7383439999999905,0.7217519999999905,0.7355786666666572,0.7577013333333239,0.7189866666666572,0.6913333333333239,0.6526186666666572,0.6968639999999907,0.7023946666666574,0.724517333333324,0.7300479999999906,0.7411093333333238,0.7355786666666573,0.7300479999999906,0.7245173333333238,0.7134559999999905,0.7189866666666571,0.7245173333333238,0.7355786666666572,0.7245173333333238,0.7189866666666571,0.7023946666666571
15,31.819999694824304,31.819999694824304,31.819999694824304,31.819999694824304,31.819999694824304,31.819999694824304,31.819999694824304,31.819999694824304,31.819999694824304,31.819999694824304,31.819999694824304,31.819999694824304,31.819999694824304,31.819999694824304,31.819999694824304,31.819999694824304,31.819999694824304,31.819999694824304,31.819999694824304,31.819999694824304,31.819999694824304,31.819999694824304,31.819999694824304,31.819999694824304,31.819999694824304,31.819999694824304,31.819999694824304,31.819999694824304,31.819999694824304,31.819999694824304,84.33333333333333,85.0,85.66666666666667,85.33333333333333,85.66666666666667,85.66666666666667,85.0,83.66666666666667,82.33333333333333,81.33333333333333,80.66666666666667,80.66666666666667,80.66666666666667,80.66666666666667,80.66666666666667,81.0,81.66666666666667,82.33333333333333,82.66666666666667,83.66666666666667,84.33333333333333,84.66666666666667,84.66666666666667,84.0,83.66666666666667,83.0,83.0,83.0,83.0,84.33333333333333,2.67379679144384,2.67379679144384,2.67379679144384,2.67379679144384,2.67379679144384,2.67379679144384,2.671420083184779,2.6690433749257174,2.666666666666656,2.666666666666656,2.666666666666656,2.666666666666656,2.666666666666656,2.6643026004728028,2.661938534278949,2.659574468085096,2.659574468085096,2.659574468085096,2.659574468085096,2.659574468085096,2.657222943356462,2.654871418627828,2.6525198938991945,2.652519893899195,2.652519893899195,2.652519893899195,2.652519893899195,2.652519893899195,2.650180811100342,2.647841728301489,0.69686399999999,0.6858026666666567,0.6747413333333233,0.6636799999999901,0.6913333333333233,0.7189866666666566,0.7411093333333233,0.7411093333333231,0.7466399999999899,0.7411093333333231,0.7300479999999897,0.7189866666666562,0.7300479999999895,0.7355786666666563,0.741109333333323,0.7189866666666563,0.7079253333333231,0.6968639999999898,0.6858026666666563,0.6913333333333229,0.6968639999999895,0.7189866666666562,0.7134559999999897,0.7134559999999897,0.7134559999999897,0.7245173333333229,0.7355786666666564,0.7079253333333231,0.6802719999999898,0.6692106666666563
16,31.69000053405769,31.69000053405769,31.69000053405769,31.69000053405769,31.69000053405769,31.69000053405769,31.69000053405769,31.69000053405769,31.69000053405769,31.69000053405769,31.69000053405769,31.69000053405769,31.69000053405769,31.69000053405769,31.69000053405769,31.69000053405769,31.69000053405769,31.69000053405769,31.69000053405769,31.69000053405769,31.69000053405769,31.69000053405769,31.69000053405769,31.69000053405769,31.69333394368499,31.69666735331229,31.700000762939585,31.700000762939585,31.700000762939585,31.700000762939585,87.0,87.0,86.66666666666667,86.66666666666667,86.66666666666667,86.66666666666667,86.33333333333333,85.66666666666667,85.66666666666667,85.66666666666667,86.0,85.66666666666667,85.33333333333333,85.0,85.0,85.0,85.0,84.66666666666667,84.66666666666667,85.0,85.33333333333333,85.33333333333333,85.0,85.0,84.66666666666667,84.33333333333333,84.33333333333333,84.33333333333333,84.33333333333333,83.66666666666667,1.5983015079198095,1.6017148762060345,1.603421547241779,1.5983340421542735,1.5915505812494786,1.5856245650223528,1.5847860538827323,1.5839501962593767,1.583114338636021,1.5847940270874068,1.5889999773293333,1.5932059275712591,1.5957455843112545,1.5983015079198095,1.6017148762060345,1.602566846387078,1.600010922778523,1.5965975544922983,1.5940497837916616,1.5906796911730912,1.587309598554521,1.5847860538827332,1.5881561465013034,1.591526239119874,1.5974522553469994,1.601725825367735,1.6068623674989375,1.6085800139111175,1.6103087419130535,1.6111744978045224,0.6581493333333266,0.6802719999999932,0.6858026666666599,0.6913333333333266,0.6913333333333266,0.6858026666666599,0.7245173333333265,0.7079253333333265,0.7023946666666597,0.696863999999993,0.7245173333333265,0.70239466666666,0.68580266666666,0.6636799999999934,0.7189866666666601,0.6692106666666602,0.6968639999999935,0.6526186666666601,0.6968639999999935,0.6249653333333268,0.6360266666666602,0.6194346666666601,0.6968639999999935,0.7245173333333268,0.7632319999999934,0.7245173333333267,0.7245173333333265,0.7300479999999933,0.7466399999999932,0.7411093333333266
17,31.62999916076669,31.62999916076669,31.62999916076669,31.62999916076669,31.62999916076669,31.62999916076669,31.62999916076669,31.62999916076669,31.62999916076669,31.62999916076669,31.62999916076669,31.623332977295025,31.61666679382336,31.61000061035169,31.61000061035169,31.61000061035169,31.61000061035169,31.61000061035169,31.61000061035169,31.61000061035169,31.61000061035169,31.61000061035169,31.61000061035169,31.61000061035169,31.61000061035169,31.61000061035169,31.61000061035169,31.61000061035169,31.61000061035169,31.61000061035169,77.66666666666667,77.33333333333333,76.66666666666667,76.33333333333333,76.0,76.0,79.33333333333333,82.33333333333333,85.33333333333333,85.0,85.0,84.33333333333333,83.66666666666667,83.0,83.0,83.0,83.0,83.0,83.33333333333333,83.5,83.5,83.5,83.66666666666667,83.66666666666667,83.33333333333333,83.0,83.0,83.0,83.0,83.0,1.57812421942519,1.5756311218195578,1.5748031496063053,1.5748031496063053,1.5748031496063053,1.5748031496063053,1.5748031496063053,1.5748031496063053,1.5748031496063053,1.5748031496063053,1.5789692955047343,1.583135441403164,1.5873015873015932,1.586463076161973,1.583955490715999,1.581447905270025,1.579778830963671,1.579778830963671,1.579778830963671,1.579778830963671,1.5806120476466692,1.5814452643296668,1.5814452643296668,1.5806120476466692,1.5831275937214109,1.5864763564791504,1.58982511923689,1.58982511923689,1.5906689754572918,1.5923593796244762,0.9014986666666588,0.8572533333333255,0.7853546666666588,0.6858026666666589,0.6968639999999922,0.6692106666666587,0.6858026666666587,0.6802719999999921,0.6913333333333256,0.7023946666666588,0.7189866666666588,0.7466399999999921,0.696863999999992,0.6802719999999921,0.6636799999999922,0.696863999999992,0.7079253333333253,0.7023946666666586,0.7134559999999919,0.7079253333333252,0.6636799999999918,0.6636799999999918,0.6139039999999917,0.6581493333333251,0.6636799999999917,0.7134559999999915,0.724517333333325,0.7300479999999917,0.7466399999999918,0.7521706666666583
18,31.62999916076669,31.62999916076669,31.62999916076669,31.62999916076669,31.62999916076669,31.62999916076669,31.62999916076669,31.62999916076669,31.62999916076669,31.62999916076669,31.62999916076669,31.62999916076669,31.62999916076669,31.62999916076669,31.62999916076669,31.62999916076669,31.62999916076669,31.62999916076669,31.62999916076669,31.62999916076669,31.62999916076669,31.62999916076669,31.62999916076669,31.62999916076669,31.639999389648523,31.649999618530355,31.659999847412184,31.659999847412184,31.659999847412184,31.659999847412184,86.0,85.66666666666667,85.33333333333333,84.66666666666667,84.66666666666667,84.33333333333333,84.33333333333333,84.0,84.0,84.0,84.0,84.0,84.0,84.0,84.33333333333333,84.33333333333333,84.0,83.33333333333333,83.33333333333333,86.33333333333333,89.0,91.33333333333331,91.0,90.66666666666669,89.0,87.0,85.33333333333333,84.33333333333333,83.66666666666667,83.0,3.901973864258356,3.942357712738156,3.957797436058314,3.9473820713122407,3.9473820713122407,3.9319423479920825,3.91159605406952,3.881074284417316,3.928518616401121,4.031229091788448,4.181009413982563,4.255983173166849,4.216296583832337,4.107536222976909,4.021722884151522,4.021722884151522,4.043229301128688,4.043229301128688,4.026903836669224,4.016064257028122,4.026903836669224,4.037743416310325,4.043141352139664,4.0376997083279,4.032258064516138,4.0376997083279,4.071024155142084,4.098680246119561,4.115272799381657,4.098406548749172,0.7189866666666577,0.7079253333333243,0.8738453333333244,0.8517226666666576,0.9070293333333244,0.7411093333333243,0.7189866666666577,0.6968639999999912,0.6913333333333246,0.6858026666666578,0.6913333333333246,0.6802719999999911,0.6470879999999911,0.6304959999999911,0.6360266666666577,0.6747413333333244,0.6968639999999909,0.6913333333333243,0.6526186666666575,0.6249653333333242,0.6194346666666576,0.6526186666666575,0.6747413333333242,0.6968639999999908,0.7079253333333241,0.7189866666666574,0.7245173333333241,0.7245173333333241,0.7134559999999909,0.6996293333333242
19,31.549999237060536,31.549999237060536,31.549999237060536,31.549999237060536,31.549999237060536,31.549999237060536,31.549999237060536,31.549999237060536,31.549999237060536,31.549999237060536,31.549999237060536,31.549999237060536,31.549999237060536,31.549999237060536,31.549999237060536,31.549999237060536,31.549999237060536,31.5599994659424,31.569999694824265,31.57999992370613,31.57999992370613,31.57999992370613,31.57999992370613,31.57999992370613,31.57999992370613,31.57999992370613,31.57999992370613,31.57999992370613,31.57999992370613,31.57999992370613,90.33333333333331,90.66666666666669,89.66666666666667,89.66666666666667,90.0,90.33333333333331,90.33333333333331,90.33333333333331,90.33333333333331,90.33333333333331,90.0,90.0,90.33333333333331,90.66666666666669,91.0,91.0,91.0,91.0,91.0,90.33333333333331,89.66666666666667,89.0,89.0,89.0,89.0,89.0,89.0,90.0,90.33333333333331,91.33333333333331,0.6348547707590092,0.6339147398937672,0.6335799516187512,0.6333122229259058,0.6333122229259057,0.6333122229259057,0.6335799516187512,0.6339817994759377,0.6346523969165624,0.6354596730578793,0.6361328300348552,0.6364022634594726,0.6357291064824967,0.6350559495055208,0.6345177664974652,0.6362769328366563,0.6409404875407018,0.6453240299690088,0.6471127049048574,0.645305500275077,0.643365543597081,0.642536287439854,0.6423985224834016,0.6428112868073556,0.6429490517638081,0.6433628788867,0.6436389410531392,0.6439150032195784,0.6443304322539136,0.6451629015534864,0.6581493333333304,0.6526186666666637,0.6581493333333303,0.663679999999997,0.663679999999997,0.6581493333333304,0.6526186666666637,0.6526186666666637,0.6581493333333303,0.6581493333333303,0.6526186666666637,0.6360266666666636,0.6360266666666635,0.6802719999999969,0.6858026666666636,0.6858026666666636,0.613903999999997,0.6194346666666637,0.6360266666666637,0.6747413333333304,0.6858026666666638,0.6747413333333303,0.663679999999997,0.6581493333333305,0.6581493333333304,0.6581493333333303,0.6581493333333304,0.6581493333333304,0.6581493333333303,0.6581493333333304
20,32.389999389648544,32.389999389648544,32.389999389648544,32.389999389648544,32.389999389648544,32.389999389648544,32.389999389648544,32.389999389648544,32.389999389648544,32.389999389648544,32.389999389648544,32.389999389648544,32.389999389648544,32.389999389648544,32.389999389648544,32.389999389648544,32.389999389648544,32.389999389648544,32.389999389648544,32.389999389648544,32.389999389648544,32.389999389648544,32.389999389648544,32.389999389648544,32.389999389648544,32.389999389648544,32.389999389648544,32.389999389648544,32.389999389648544,32.389999389648544,88.66666666666667,89.16666666666667,90.16666666666669,91.5,91.33333333333331,91.66666666666669,91.33333333333331,90.0,89.16666666666667,89.5,91.16666666666669,92.0,91.66666666666669,91.66666666666669,90.0,89.0,88.0,88.0,88.0,89.0,90.33333333333331,91.66666666666669,91.66666666666669,92.0,92.0,92.0,92.0,92.0,92.0,91.66666666666669,1.737117552334948,1.7351081584183885,1.7341052057256612,1.733102253032934,1.733102253032934,1.733102253032934,1.733102253032934,1.733102253032934,1.7321027707647485,1.7311032884965634,1.7291077764032614,1.7281117465781444,1.727115716753027,1.727115716753027,1.727115716753027,1.726123121513514,1.7251305262740004,1.7251305262740004,1.7271191513386306,1.728111746578144,1.728111746578144,1.727115716753027,1.727115716753027,1.727115716753027,1.727115716753027,1.727115716753027,1.727115716753027,1.726123121513514,1.7251305262740004,1.721180576092747,0.674741333333329,0.6692106666666624,0.6636799999999957,0.6692106666666623,0.674741333333329,0.674741333333329,0.6802719999999957,0.691333333333329,0.7189866666666621,0.7134559999999954,0.6968639999999956,0.6636799999999956,0.6581493333333289,0.6636799999999956,0.6802719999999955,0.6858026666666621,0.6747413333333289,0.6692106666666621,0.6692106666666621,0.6802719999999954,0.6692106666666621,0.6636799999999954,0.6636799999999954,0.6636799999999954,0.6747413333333286,0.6747413333333286,0.6802719999999954,0.6913333333333287,0.685802666666662,0.6858026666666618
21,32.330001831054815,32.330001831054815,32.330001831054815,32.330001831054815,32.330001831054815,32.330001831054815,32.330001831054815,32.330001831054815,32.330001831054815,32.330001831054815,32.330001831054815,32.330001831054815,32.330001831054815,32.330001831054815,32.330001831054815,32.330001831054815,32.330001831054815,32.330001831054815,32.330001831054815,32.330001831054815,32.330001831054815,32.330001831054815,32.330001831054815,32.330001831054815,32.330001831054815,32.330001831054815,32.330001831054815,32.330001831054815,32.330001831054815,32.330001831054815,91.66666666666669,91.66666666666669,91.0,89.66666666666667,88.0,86.33333333333333,85.33333333333333,85.66666666666667,87.0,89.0,90.66666666666669,92.0,92.66666666666669,92.0,90.33333333333331,88.33333333333333,87.0,86.33333333333333,86.33333333333333,86.66666666666667,86.66666666666667,86.66666666666667,86.66666666666667,87.0,87.0,87.0,87.0,87.0,87.0,87.0,1.7064846416382302,1.7055155986844326,1.7045465557306347,1.7026117658875073,1.701646018998178,1.7006802721088488,1.699717804495884,1.6977961318720325,1.6958744592481807,1.6949152542372936,1.6949152542372936,1.6949152542372936,1.6949152542372936,1.6949152542372936,1.6939592952670528,1.6920506069176866,1.6910946479474456,1.6920506069176866,1.6978157577340316,1.705555254028264,1.7123387913522554,1.7152658662092677,1.7152658662092677,1.7152658662092677,1.7152658662092677,1.7152658662092677,1.7123387913522554,1.7103840724164046,1.7094050393877465,1.7113530812161006,0.6360266666666609,0.6636799999999942,0.6968639999999943,0.7189866666666608,0.7189866666666608,0.7079253333333275,0.6913333333333277,0.6581493333333276,0.6360266666666609,0.6194346666666609,0.6304959999999943,0.6526186666666609,0.6913333333333277,0.7134559999999942,0.702394666666661,0.6747413333333276,0.6747413333333276,0.6858026666666609,0.7079253333333275,0.702394666666661,0.6415573333333277,0.6249653333333276,0.6249653333333276,0.6802719999999942,0.6913333333333277,0.702394666666661,0.752170666666661,0.6858026666666609,0.6636799999999944,0.6083733333333278
22,32.18999862670915,32.18999862670915,32.18999862670915,32.18999862670915,32.18999862670915,32.18999862670915,32.18999862670915,32.18999862670915,32.18999862670915,32.18999862670915,32.18999862670915,32.18999862670915,32.18999862670915,32.18999862670915,32.18999862670915,32.18999862670915,32.18999862670915,32.18999862670915,32.18999862670915,32.18999862670915,32.18999862670915,32.18999862670915,32.18999862670915,32.18999862670915,32.18999862670915,32.18999862670915,32.18999862670915,32.18999862670915,32.17666625976578,32.163333892822415,91.66666666666669,92.66666666666669,93.66666666666669,92.0,90.0,87.33333333333333,86.33333333333333,86.0,86.0,86.0,86.0,87.0,88.0,88.33333333333333,87.66666666666667,87.0,87.0,88.66666666666667,89.66666666666667,90.66666666666669,89.66666666666667,89.33333333333333,89.0,89.0,89.33333333333333,90.33333333333331,90.66666666666669,90.33333333333331,88.33333333333333,87.33333333333333,1.6703796554272046,1.6703796554272046,1.6703796554272046,1.6694490818030114,1.6685216100908988,1.6675941383787862,1.6666666666666738,1.667594138378787,1.668521610090899,1.6694490818030117,1.6694490818030114,1.6694490818030114,1.6694490818030114,1.6694490818030114,1.6694490818030114,1.6703796554272046,1.6713102290513977,1.672240802675591,1.6713102290513977,1.6713102290513977,1.6713102290513977,1.672240802675591,1.6713102290513977,1.6713102290513977,1.6713102290513977,1.672240802675591,1.672240802675591,1.672240802675591,1.6713102290513977,1.6713102290513977,0.6194346666666605,0.6304959999999938,0.6636799999999937,0.6968639999999938,0.7300479999999938,0.7023946666666605,0.6747413333333272,0.6139039999999939,0.6249653333333273,0.6304959999999941,0.6692106666666607,0.6692106666666607,0.696863999999994,0.696863999999994,0.6913333333333275,0.6636799999999942,0.6526186666666609,0.652618666666661,0.6636799999999944,0.6802719999999943,0.6802719999999942,0.669210666666661,0.6581493333333275,0.6581493333333274,0.6581493333333274,0.6581493333333274,0.6636799999999942,0.6858026666666608,0.713455999999994,0.7189866666666607
23,31.969999313354624,31.969999313354624,31.969999313354624,31.969999313354624,31.969999313354624,31.969999313354624,31.969999313354624,31.969999313354624,31.969999313354624,31.969999313354624,31.969999313354624,31.969999313354624,31.969999313354624,31.969999313354624,31.969999313354624,31.969999313354624,31.969999313354624,31.969999313354624,31.969999313354624,31.969999313354624,31.969999313354624,31.969999313354624,31.969999313354624,31.969999313354624,31.969999313354624,31.969999313354624,31.969999313354624,31.969999313354624,31.969999313354624,31.969999313354624,85.33333333333333,85.66666666666667,86.0,89.66666666666667,93.0,95.33333333333331,93.33333333333331,91.66666666666669,90.66666666666669,90.5,90.16666666666669,90.16666666666669,89.66666666666667,89.5,88.5,87.5,86.66666666666667,86.66666666666667,87.33333333333333,88.33333333333333,89.33333333333333,90.66666666666669,91.0,91.0,89.33333333333333,87.66666666666667,86.33333333333333,86.0,86.0,86.33333333333333,1.626016260162608,1.626016260162608,1.626016260162608,1.626016260162608,1.626016260162608,1.626016260162608,1.626016260162608,1.6268990051464096,1.6277817501302112,1.6286644951140128,1.6277817501302112,1.6268990051464096,1.626016260162608,1.626016260162608,1.626016260162608,1.626016260162608,1.626016260162608,1.626016260162608,1.626016260162608,1.626016260162608,1.626016260162608,1.626016260162608,1.6251363812339488,1.6242565023052895,1.6224995965676745,1.6224995965676745,1.6216225697587188,1.6216225697587188,1.620745542949763,1.620745542949763,0.6360266666666602,0.6194346666666601,0.6139039999999935,0.6360266666666602,0.6636799999999935,0.6581493333333268,0.6692106666666602,0.6692106666666602,0.6692106666666602,0.6581493333333269,0.6581493333333269,0.6692106666666602,0.6802719999999934,0.6775066666666602,0.6775066666666602,0.6940986666666601,0.6913333333333268,0.6913333333333268,0.6636799999999935,0.6470879999999933,0.6415573333333268,0.6470879999999933,0.6636799999999934,0.6747413333333266,0.6913333333333265,0.7079253333333263,0.7023946666666596,0.6858026666666598,0.6692106666666598,0.6636799999999933
24,31.889999389648512,31.889999389648512,31.889999389648512,31.889999389648512,31.889999389648512,31.889999389648512,31.889999389648512,31.889999389648512,31.889999389648512,31.889999389648512,31.889999389648512,31.889999389648512,31.889999389648512,31.889999389648512,31.889999389648512,31.889999389648512,31.889999389648512,31.883333206176847,31.87666702270518,31.87000083923352,31.87000083923352,31.87000083923352,31.87000083923352,31.87000083923352,31.87000083923352,31.87000083923352,31.87000083923352,31.87000083923352,31.87000083923352,31.87000083923352,86.0,86.33333333333333,86.66666666666667,87.0,86.66666666666667,86.0,85.66666666666667,86.33333333333333,88.66666666666667,90.33333333333331,91.66666666666669,91.33333333333331,91.33333333333331,90.66666666666669,90.33333333333331,89.66666666666667,89.33333333333333,88.66666666666667,88.33333333333333,87.66666666666667,87.0,86.33333333333333,86.0,86.0,86.0,86.0,85.66666666666667,85.0,84.0,83.33333333333333,1.6051364365971172,1.6051364365971177,1.6051364365971177,1.6051364365971177,1.6051364365971177,1.6051364365971177,1.6051364365971177,1.6051364365971177,1.6051364365971177,1.6051364365971177,1.604278991919448,1.6034215472417788,1.6025641025641093,1.6025641025641093,1.6025641025641093,1.6025641025641093,1.6025641025641093,1.6025641025641093,1.6017094017094085,1.6008547008547076,1.6000000000000068,1.6000000000000068,1.6000000000000068,1.6000000000000068,1.6000000000000068,1.5991480298189629,1.598296059637919,1.597444089456875,1.597444089456875,1.597444089456875,0.696863999999994,0.7023946666666608,0.696863999999994,0.6802719999999942,0.6858026666666608,0.6858026666666608,0.6802719999999942,0.669210666666661,0.6802719999999942,0.7023946666666608,0.7023946666666608,0.6913333333333275,0.6747413333333275,0.6802719999999942,0.6802719999999942,0.6858026666666609,0.6913333333333275,0.7023946666666608,0.7189866666666608,0.7079253333333275,0.702394666666661,0.669210666666661,0.6526186666666609,0.6470879999999942,0.6747413333333275,0.7079253333333275,0.7411093333333275,0.7632319999999942,0.7466399999999943,0.7134559999999942
25,31.79999923706062,31.79999923706062,31.79999923706062,31.79999923706062,31.79999923706062,31.79999923706062,31.79999923706062,31.79999923706062,31.79999923706062,31.79999923706062,31.79999923706062,31.79999923706062,31.79999923706062,31.79999923706062,31.79999923706062,31.79999923706062,31.79999923706062,31.79999923706062,31.79999923706062,31.79999923706062,31.79999923706062,31.79999923706062,31.79999923706062,31.79999923706062,31.79999923706062,31.79999923706062,31.79999923706062,31.79999923706062,31.79333305358896,31.786666870117287,88.0,87.66666666666667,87.33333333333333,87.0,87.33333333333333,88.33333333333333,89.0,89.66666666666667,88.66666666666667,88.0,87.0,87.0,87.0,86.66666666666667,86.33333333333333,85.66666666666667,85.33333333333333,85.0,84.66666666666667,84.33333333333333,84.0,84.0,83.33333333333333,82.66666666666667,82.0,82.33333333333333,82.33333333333333,82.66666666666667,82.66666666666667,83.0,1.5948963317384433,1.5948963317384433,1.5948963317384433,1.5948963317384433,1.5948963317384433,1.5948963317384433,1.5948963317384433,1.5948963317384433,1.5940497837916607,1.593203235844878,1.5915128316776936,1.5906689754572918,1.58982511923689,1.5889839419251244,1.5873042534737385,1.586463076161973,1.586463076161973,1.5881427646133588,1.5889839419251244,1.5889839419251244,1.5881427646133588,1.5873015873015932,1.5873015873015932,1.5873015873015932,1.5873015873015932,1.5873015873015932,1.5873015873015932,1.5881427646133588,1.5881427646133588,1.5881427646133588,0.6332613333333268,0.6415573333333269,0.6470879999999936,0.6747413333333269,0.6858026666666602,0.6747413333333268,0.6692106666666601,0.6636799999999933,0.6692106666666598,0.6692106666666598,0.6858026666666598,0.6913333333333265,0.70239466666666,0.70239466666666,0.6968639999999932,0.7245173333333265,0.7245173333333265,0.7189866666666599,0.6858026666666599,0.6802719999999933,0.7300479999999933,0.8295999999999931,0.8130079999999932,0.7908853333333266,0.68580266666666,0.7079253333333266,0.6802719999999933,0.68580266666666,0.6802719999999934,0.6968639999999935
26,31.719999313354595,31.719999313354595,31.71666590372733,31.713332494100055,31.709999084472788,31.709999084472788,31.709999084472788,31.709999084472788,31.709999084472788,31.709999084472788,31.709999084472788,31.709999084472788,31.709999084472788,31.709999084472788,31.709999084472788,31.709999084472788,31.709999084472788,31.709999084472788,31.709999084472788,31.709999084472788,31.709999084472788,31.709999084472788,31.709999084472788,31.709999084472788,31.709999084472788,31.709999084472788,31.709999084472788,31.709999084472788,31.709999084472788,31.709999084472788,80.33333333333333,80.0,80.0,80.0,80.0,80.33333333333333,80.66666666666667,81.33333333333333,81.66666666666667,82.0,82.33333333333333,82.66666666666667,83.0,83.0,83.33333333333333,83.66666666666667,84.0,84.0,84.0,84.16666666666667,84.5,84.83333333333333,84.66666666666667,84.33333333333333,84.33333333333333,84.66666666666667,87.33333333333333,89.33333333333333,91.33333333333331,90.66666666666669,1.5847860538827323,1.5847860538827323,1.5847860538827323,1.5847860538827323,1.5847860538827323,1.5847860538827323,1.5847860538827323,1.5847860538827323,1.5847860538827323,1.5847860538827323,1.5856245650223526,1.5856245650223526,1.586463076161973,1.5889946576409228,1.5940659730133475,1.5991534781008532,1.6017094017094082,1.5987397028985704,1.5944933751228303,1.5902470473470909,1.58982511923689,1.58982511923689,1.58982511923689,1.58982511923689,1.58982511923689,1.58982511923689,1.5889839419251244,1.5881427646133588,1.5881427646133588,1.5898277981455262,0.68580266666666,0.7300479999999934,0.7411093333333266,0.6913333333333268,0.6636799999999935,0.6692106666666602,0.68580266666666,0.7023946666666601,0.6747413333333268,0.6470879999999934,0.6194346666666601,0.6470879999999936,0.6304959999999936,0.707925333333327,0.7355786666666603,0.7632319999999937,0.7023946666666602,0.6858026666666602,0.7134559999999933,0.7217519999999933,0.7162213333333266,0.7106906666666598,0.6747413333333264,0.6304959999999932,0.6194346666666598,0.6526186666666599,0.6636799999999933,0.6747413333333266,0.7134559999999932,0.7521706666666598
27,31.67000007629399,31.67000007629399,31.67000007629399,31.67000007629399,31.67000007629399,31.67000007629399,31.67000007629399,31.67000007629399,31.67000007629399,31.67000007629399,31.67000007629399,31.67000007629399,31.67000007629399,31.67000007629399,31.67000007629399,31.663333257039454,31.656666437784924,31.64999961853039,31.64999961853039,31.64999961853039,31.64999961853039,31.64999961853039,31.64999961853039,31.64999961853039,31.64999961853039,31.64999961853039,31.64999961853039,31.64999961853039,31.64999961853039,31.64999961853039,86.33333333333333,86.0,86.0,86.0,86.0,86.0,85.66666666666667,85.33333333333333,85.0,84.66666666666667,84.33333333333333,84.0,84.0,84.0,85.33333333333333,86.66666666666667,87.66666666666667,88.0,88.33333333333333,89.0,88.66666666666667,88.33333333333333,88.33333333333333,88.66666666666667,89.0,88.66666666666667,88.0,87.33333333333333,87.33333333333333,87.66666666666667,1.5982987772461514,1.600000000000006,1.600000000000006,1.600000000000006,1.6017121455323764,1.6042844927992572,1.605139193653958,1.6038543985489386,1.600430081101014,1.5987234100652692,1.597444089456875,1.5965948368840646,1.5957455843112538,1.5948963317384433,1.5948963317384433,1.5948963317384433,1.5948963317384433,1.5948963317384433,1.5957455843112538,1.5965948368840646,1.597444089456875,1.597444089456875,1.5957482889372818,1.5940524884176888,1.593203235844878,1.595751006545515,1.597446807065108,1.5982960596379188,1.5965948368840646,1.5948990363644713,0.6802719999999929,0.6802719999999928,0.6636799999999928,0.6968639999999929,0.7189866666666594,0.7023946666666593,0.6526186666666592,0.5641279999999926,0.5862506666666593,0.6083733333333259,0.6802719999999924,0.6747413333333259,0.6747413333333259,0.6802719999999925,0.6802719999999924,0.6747413333333259,0.6415573333333259,0.6636799999999925,0.6802719999999924,0.6968639999999925,0.6581493333333258,0.6360266666666593,0.6470879999999926,0.6802719999999924,0.6858026666666591,0.7079253333333259,0.6802719999999925,0.6802719999999924,0.6139039999999925,0.6194346666666591
28,31.62999916076669,31.62999916076669,31.62999916076669,31.62999916076669,31.62999916076669,31.62999916076669,31.62999916076669,31.62999916076669,31.62999916076669,31.62999916076669,31.62999916076669,31.62999916076669,31.62999916076669,31.62999916076669,31.62999916076669,31.62999916076669,31.62999916076669,31.62999916076669,31.62999916076669,31.62999916076669,31.62999916076669,31.62999916076669,31.62999916076669,31.62999916076669,31.62999916076669,31.62999916076669,31.62999916076669,31.62999916076669,31.62999916076669,31.62999916076669,83.0,82.33333333333333,82.33333333333333,82.66666666666667,83.0,84.33333333333333,86.66666666666667,88.0,88.0,87.0,87.0,87.0,87.0,87.0,87.0,87.0,87.0,87.0,87.0,87.0,87.0,87.0,87.0,87.0,87.0,86.66666666666667,86.66666666666667,86.66666666666667,87.0,87.0,1.9561761646278584,1.9868302069381,2.001528032996009,2.024429763019639,2.064141174519213,2.121978074461376,2.171308968157785,2.1898112971384456,2.199601061939346,2.221052357597604,2.2682311500564114,2.3120041746673565,2.3383749263392626,2.3567453587608718,2.371863888030344,2.388592636942976,2.4039295015893942,2.417643375327718,2.443116489435513,2.467269182762727,2.487695145795819,2.4979322787434173,2.4958644797500216,2.524000450073066,2.563067273875179,2.606480226563744,2.606480226563744,2.606480226563744,2.6251454746715543,2.662488517195944,0.7742933333333247,0.7577013333333248,0.6858026666666581,0.6692106666666581,0.6692106666666581,0.6802719999999914,0.6747413333333246,0.6802719999999914,0.6747413333333246,0.6747413333333245,0.6913333333333246,0.6968639999999912,0.680271999999991,0.6692106666666575,0.6802719999999908,0.6913333333333241,0.6692106666666575,0.6470879999999909,0.6636799999999909,0.6858026666666576,0.7079253333333241,0.7189866666666574,0.7079253333333241,0.6858026666666576,0.6968639999999908,0.6913333333333243,0.680271999999991,0.6470879999999911,0.5973119999999911,0.5973119999999911
29,31.700000762939585,31.700000762939585,31.69333394368502,31.686667124430453,31.680000305175884,31.680000305175884,31.680000305175884,31.680000305175884,31.680000305175884,31.680000305175884,31.680000305175884,31.680000305175884,31.680000305175884,31.680000305175884,31.680000305175884,31.680000305175884,31.680000305175884,31.680000305175884,31.680000305175884,31.680000305175884,31.680000305175884,31.680000305175884,31.680000305175884,31.680000305175884,31.680000305175884,31.680000305175884,31.680000305175884,31.680000305175884,31.680000305175884,31.680000305175884,82.33333333333333,82.33333333333333,82.66666666666667,85.33333333333333,87.33333333333333,88.33333333333333,87.0,86.33333333333333,86.66666666666667,87.0,87.0,87.0,86.66666666666667,86.16666666666667,85.5,84.83333333333333,84.16666666666667,83.5,82.83333333333333,82.83333333333333,82.83333333333333,83.83333333333333,84.33333333333333,85.33333333333333,86.0,87.0,88.66666666666667,89.66666666666667,90.33333333333331,89.66666666666667,4.61188333586479,4.597725447089164,4.583697152018005,4.573192018208984,4.559291545592916,4.552373045523731,4.538598656245717,4.531742767036886,4.524886877828055,4.524886877828054,4.524886877828054,4.518092753386871,4.518092753386871,4.524948642595701,4.524948642595701,4.518154518154518,4.497771313914811,4.491038123325118,4.477631859918854,4.470958787102283,4.457671957671956,4.451058201058198,4.44444444444444,4.437889216650275,4.4313339888561085,4.424778761061942,4.437947745469864,4.457789802694357,4.4911591749497255,4.497832247766296,0.6415573333333238,0.6526186666666571,0.6858026666666572,0.6858026666666572,0.6858026666666572,0.6913333333333239,0.6913333333333239,0.674741333333324,0.6636799999999906,0.6636799999999906,0.6802719999999907,0.7023946666666573,0.724517333333324,0.7411093333333238,0.7466399999999904,0.7411093333333237,0.7411093333333237,0.7245173333333238,0.7189866666666571,0.7023946666666573,0.7134559999999905,0.7023946666666573,0.6913333333333239,0.6581493333333239,0.6526186666666572,0.6470879999999906,0.6581493333333239,0.7245173333333238,0.7300479999999906,0.7466399999999904
30,31.64999961853039,31.64999961853039,31.64999961853039,31.64999961853039,31.64999961853039,31.64999961853039,31.64999961853039,31.64999961853039,31.64999961853039,31.64999961853039,31.64999961853039,31.64999961853039,31.64999961853039,31.64999961853039,31.64999961853039,31.64999961853039,31.64999961853039,31.64999961853039,31.64999961853039,31.653333028157657,31.65666643778492,31.659999847412184,31.659999847412184,31.659999847412184,31.659999847412184,31.659999847412184,31.659999847412184,31.659999847412184,31.659999847412184,31.659999847412184,82.33333333333333,82.0,82.0,83.66666666666667,85.66666666666667,87.0,87.0,87.0,87.0,86.33333333333333,85.33333333333333,84.66666666666667,84.33333333333333,84.66666666666667,84.66666666666667,85.33333333333333,85.33333333333333,85.0,84.33333333333333,85.0,85.66666666666667,86.33333333333333,86.0,86.0,86.0,86.0,86.0,86.0,86.0,86.0,3.496503496503492,3.496503496503492,3.492442516832756,3.48838153716202,3.484320557491284,3.4802877790682625,3.4762550006452404,3.4722222222222183,3.472222222222219,3.468217352300394,3.4642124823785685,3.460207612456743,3.456230362327482,3.4522531121982216,3.4482758620689613,3.448275862068962,3.444325946992136,3.44037603191531,3.436426116838484,3.436426116838484,3.4403760319153096,3.448303197121396,3.4522531121982216,3.4522531121982225,3.4482758620689613,3.448275862068962,3.444325946992136,3.44037603191531,3.432503255974513,3.4285803951105422,0.7079253333333236,0.718986666666657,0.718986666666657,0.6913333333333237,0.6636799999999904,0.6526186666666569,0.669210666666657,0.6913333333333235,0.7079253333333234,0.71345599999999,0.71345599999999,0.7079253333333234,0.6913333333333235,0.6802719999999902,0.6802719999999902,0.6913333333333235,0.7023946666666568,0.7079253333333234,0.7079253333333234,0.7134559999999901,0.7134559999999901,0.7189866666666567,0.6858026666666567,0.6802719999999901,0.6526186666666568,0.7023946666666568,0.6913333333333234,0.6858026666666568,0.6636799999999901,0.6858026666666568
31,31.780000686645597,31.780000686645597,31.780000686645597,31.780000686645597,31.780000686645597,31.780000686645597,31.780000686645597,31.780000686645597,31.780000686645597,31.780000686645597,31.780000686645597,31.780000686645597,31.780000686645597,31.780000686645597,31.780000686645597,31.780000686645597,31.780000686645597,31.780000686645597,31.783334096272863,31.78666750590013,31.7900009155274,31.7900009155274,31.7900009155274,31.7900009155274,31.7900009155274,31.7900009155274,31.7900009155274,31.7900009155274,31.7900009155274,31.7900009155274,82.33333333333333,82.0,82.33333333333333,82.66666666666667,84.33333333333333,84.33333333333333,84.66666666666667,84.0,84.66666666666667,85.0,85.66666666666667,85.33333333333333,84.66666666666667,83.33333333333333,83.0,83.0,82.66666666666667,82.66666666666667,83.0,83.0,82.66666666666667,82.0,82.0,81.66666666666667,81.0,80.0,79.0,79.0,79.33333333333333,80.0,3.030303030303026,3.0272513656199416,3.024199700936857,3.021148036253772,3.021148036253772,3.018114755092874,3.015081473931977,3.01204819277108,3.01204819277108,3.01204819277108,3.009033129515053,3.006018066259026,3.003003003002999,3.003003003003,3.000005994017967,2.9970089850329344,2.994011976047902,2.994011976047902,2.9910328596538243,2.9880537432597465,2.985074626865669,2.985074626865669,2.985074626865669,2.985074626865669,2.985074626865669,2.982113243307271,2.9791518597488724,2.976190476190474,2.976190476190474,2.973246667608683,0.7245173333333227,0.7134559999999893,0.7134559999999893,0.7134559999999893,0.6968639999999894,0.685802666666656,0.6747413333333228,0.6913333333333228,0.6968639999999894,0.7079253333333226,0.7134559999999892,0.7134559999999892,0.7245173333333227,0.7189866666666561,0.7189866666666561,0.7079253333333227,0.7245173333333228,0.7189866666666562,0.7189866666666562,0.7189866666666562,0.7300479999999895,0.7355786666666563,0.7300479999999897,0.7300479999999897,0.7355786666666564,0.7355786666666564,0.6470879999999898,0.6360266666666564,0.6028426666666563,0.6692106666666563
32,31.94000053405772,31.94000053405772,31.94000053405772,31.94000053405772,31.94000053405772,31.94000053405772,31.94000053405772,31.94000053405772,31.936667124430453,31.933333714803183,31.930000305175916,31.930000305175916,31.930000305175916,31.930000305175916,31.930000305175916,31.930000305175916,31.930000305175916,31.930000305175916,31.930000305175916,31.930000305175916,31.930000305175916,31.930000305175916,31.930000305175916,31.930000305175916,31.930000305175916,31.930000305175916,31.930000305175916,31.930000305175916,31.930000305175916,31.930000305175916,86.66666666666667,86.33333333333333,86.0,86.0,86.33333333333333,85.66666666666667,85.0,83.66666666666667,83.33333333333333,83.0,83.0,83.66666666666667,84.33333333333333,84.66666666666667,84.33333333333333,84.33333333333333,84.66666666666667,84.66666666666667,85.33333333333333,85.66666666666667,86.33333333333333,86.0,86.0,86.33333333333333,86.66666666666667,87.0,86.0,85.33333333333333,84.33333333333333,84.33333333333333,1.6129032258064584,1.6129032258064584,1.6129032258064584,1.6129032258064584,1.6129032258064584,1.6120374699149895,1.6111717140235209,1.6103059581320516,1.6103059581320516,1.6103059581320516,1.6094429860215842,1.6094429860215842,1.6094429860215842,1.6094429860215842,1.6085800139111168,1.6077170418006494,1.6085800139111168,1.6103087419130533,1.6111717140235209,1.6103087419130533,1.6085800139111168,1.6077170418006494,1.6077170418006494,1.6077170418006494,1.6077170418006494,1.6077170418006494,1.6077170418006494,1.6077170418006494,1.6077170418006494,1.6077170418006494,0.6802719999999934,0.6802719999999934,0.6858026666666602,0.6968639999999935,0.7079253333333267,0.7134559999999933,0.7189866666666601,0.7189866666666601,0.7134559999999935,0.7134559999999935,0.707925333333327,0.6968639999999936,0.6858026666666603,0.6913333333333269,0.707925333333327,0.7023946666666602,0.6913333333333269,0.6913333333333269,0.7300479999999937,0.7300479999999937,0.7134559999999937,0.6581493333333269,0.6470879999999936,0.6581493333333269,0.6858026666666603,0.707925333333327,0.707925333333327,0.707925333333327,0.7023946666666604,0.7023946666666604
33,31.840000152588026,31.840000152588026,31.840000152588026,31.840000152588026,31.840000152588026,31.840000152588026,31.840000152588026,31.840000152588026,31.840000152588026,31.840000152588026,31.840000152588026,31.840000152588026,31.840000152588026,31.840000152588026,31.840000152588026,31.840000152588026,31.840000152588026,31.836666742960755,31.833333333333485,31.82999992370621,31.82999992370621,31.82999992370621,31.82999992370621,31.82999992370621,31.82999992370621,31.82999992370621,31.82999992370621,31.82999992370621,31.82999992370621,31.82999992370621,88.66666666666667,88.0,88.0,88.0,86.66666666666667,86.0,85.33333333333333,87.33333333333333,89.66666666666667,91.66666666666669,91.33333333333331,89.66666666666667,88.0,85.66666666666667,84.66666666666667,83.66666666666667,83.66666666666667,83.0,82.0,80.5,79.16666666666667,78.5,78.66666666666667,79.33333333333333,82.66666666666667,85.0,86.66666666666667,85.66666666666667,85.0,85.0,1.5948963317384433,1.5948963317384433,1.5940497837916607,1.593203235844878,1.5923566878980957,1.5923566878980957,1.5923566878980957,1.5923566878980957,1.5923566878980957,1.5923566878980957,1.5923566878980957,1.5923566878980957,1.5923566878980957,1.5923566878980957,1.5923566878980957,1.593203235844878,1.5948990363644713,1.5965948368840646,1.597444089456875,1.5965948368840646,1.5957455843112538,1.5948963317384433,1.5948963317384433,1.5948963317384433,1.5948963317384433,1.5948963317384433,1.5948963317384433,1.5948963317384433,1.5948963317384433,1.5940497837916607,0.6802719999999943,0.6747413333333278,0.6802719999999945,0.6968639999999944,0.702394666666661,0.7134559999999942,0.6913333333333277,0.6858026666666611,0.6747413333333278,0.6858026666666611,0.6913333333333277,0.702394666666661,0.7245173333333276,0.7355786666666608,0.7411093333333275,0.7134559999999942,0.7245173333333277,0.7355786666666609,0.536474666666661,0.5641279999999944,0.5309439999999944,0.7300479999999943,0.6747413333333276,0.6747413333333275,0.6858026666666609,0.6802719999999942,0.7023946666666608,0.7079253333333274,0.7079253333333274,0.7189866666666607
34,31.770000457763803,31.770000457763803,31.770000457763803,31.770000457763803,31.770000457763803,31.770000457763803,31.770000457763803,31.770000457763803,31.770000457763803,31.770000457763803,31.770000457763803,31.770000457763803,31.770000457763803,31.770000457763803,31.770000457763803,31.770000457763803,31.770000457763803,31.770000457763803,31.770000457763803,31.770000457763803,31.770000457763803,31.770000457763803,31.760000228881967,31.75000000000013,31.739999771118296,31.739999771118296,31.739999771118296,31.739999771118296,31.739999771118296,31.739999771118296,84.66666666666667,85.0,85.0,85.0,85.0,84.66666666666667,84.33333333333333,84.33333333333333,84.66666666666667,85.33333333333333,85.66666666666667,86.0,86.0,86.0,86.0,86.0,86.0,86.0,86.0,85.66666666666667,85.0,84.0,83.66666666666667,83.66666666666667,84.0,84.0,83.66666666666667,83.33333333333333,83.0,83.0,1.5923566878980957,1.5923566878980957,1.5923566878980957,1.5923566878980957,1.5923566878980957,1.5923566878980957,1.5923566878980957,1.5923566878980957,1.5923566878980957,1.5915128316776936,1.5906689754572918,1.58982511923689,1.58982511923689,1.5906689754572918,1.5915128316776936,1.5923566878980957,1.5915128316776936,1.5906689754572918,1.58982511923689,1.5906689754572918,1.5915128316776936,1.5923566878980957,1.5923566878980957,1.5923566878980957,1.5923566878980957,1.5923566878980957,1.5923566878980957,1.5923566878980957,1.5923566878980957,1.5923566878980957,0.6913333333333269,0.6913333333333269,0.6304959999999936,0.6139039999999936,0.6858026666666603,0.757701333333327,0.774293333333327,0.6692106666666602,0.6581493333333269,0.6360266666666603,0.6526186666666602,0.6636799999999935,0.68580266666666,0.6968639999999935,0.6968639999999935,0.6913333333333269,0.6858026666666602,0.6470879999999934,0.6692106666666601,0.6747413333333268,0.7245173333333268,0.7079253333333267,0.6913333333333268,0.6858026666666602,0.6802719999999937,0.7023946666666602,0.6913333333333269,0.7189866666666602,0.707925333333327,0.7300479999999935
35,31.389999389648427,31.389999389648427,31.389999389648427,31.389999389648427,31.389999389648427,31.389999389648427,31.389999389648427,31.389999389648427,31.389999389648427,31.389999389648427,31.389999389648427,31.389999389648427,31.389999389648427,31.389999389648427,31.389999389648427,31.399999618530263,31.4099998474121,31.42000007629393,31.42000007629393,31.42000007629393,31.42000007629393,31.42000007629393,31.42000007629393,31.42000007629393,31.42000007629393,31.42000007629393,31.42000007629393,31.42000007629393,31.42000007629393,31.42000007629393,85.0,85.0,85.0,85.66666666666667,85.66666666666667,86.33333333333333,86.33333333333333,88.0,88.33333333333333,89.33333333333333,88.33333333333333,88.0,86.66666666666667,86.33333333333333,86.33333333333333,87.33333333333333,88.33333333333333,89.33333333333333,89.66666666666667,90.66666666666669,90.33333333333331,90.0,88.66666666666667,88.33333333333333,88.0,87.66666666666667,87.0,86.66666666666667,87.66666666666667,88.33333333333333,0.6568864216342292,0.657174592784839,0.6576065656914983,0.6578947368421083,0.6574627639354489,0.6570307910287895,0.6565988181221302,0.6565988181221301,0.6565988181221301,0.6563117803874319,0.6560247426527337,0.6551658821973746,0.6545940594767137,0.6537374458843975,0.6534526550127424,0.652883816363683,0.6525997685862787,0.6523157208088745,0.6523157208088745,0.6521739746722363,0.6520322285355982,0.6518904823989601,0.6520322285355982,0.6524580224496406,0.652883816363683,0.652883816363683,0.6525997685862787,0.6521739746722363,0.6521739746722363,0.6521739746722363,0.6913333333333308,0.685802666666664,0.685802666666664,0.6913333333333308,0.6913333333333308,0.6802719999999973,0.6692106666666638,0.6581493333333306,0.6636799999999973,0.6747413333333304,0.696863999999997,0.7023946666666637,0.696863999999997,0.6747413333333304,0.6526186666666637,0.647087999999997,0.6526186666666636,0.663679999999997,0.663679999999997,0.663679999999997,0.663679999999997,0.6692106666666637,0.6802719999999972,0.6858026666666639,0.6802719999999973,0.6747413333333306,0.6747413333333306,0.6747413333333304,0.6802719999999972,0.6802719999999972
